perc_ratio,percussive_loudness,beat_align,mean_ioi_sec,note_shortness,dissonance,spectral_centroid_mean,track_id,split
0.18568435,0.0492317266762256,9.866687774658203,0.2717790146361574,0.8188139902425617,0.3761855661869049,1918.745197053196,Track00655,train
0.27563784,0.0488826408982276,9.358898162841797,0.2617702579607341,0.8254864946928439,0.4409092664718628,1471.967775081304,Track00097,train
0.16688244,0.0447393804788589,11.946430206298828,0.2729881931755468,0.8180078712163021,0.4171618521213531,1975.5545725965933,Track01401,train
0.14094137,0.0246765241026878,6.400765895843506,0.3442393037055142,0.7705071308629905,0.2819905877113342,1394.6511960141986,Track00418,train
0.15255198,0.0330272540450096,9.999608039855955,0.3897380080237223,0.7401746613175184,0.3219863176345825,1392.775280657297,Track00060,train
0.32654396,0.0658466666936874,8.388439178466797,0.3980341623485628,0.7346438917676248,0.4399726688861847,1143.9810577413136,Track00863,train
0.1117773,0.0294253006577491,4.813039302825928,0.7374002830026702,0.5083998113315531,0.3016800284385681,1413.0631397707564,Track01440,train
0.24435717,0.0580629855394363,9.783909797668455,0.2606521669700744,0.826231888686617,0.3917616307735443,1506.940952891442,Track00751,train
0.19356535,0.0460224226117134,9.519015312194824,0.14692972829505,0.9020468478033,0.3697341382503509,2526.819073272404,Track01346,train
0.15554541,0.0438571237027645,9.206884384155272,0.1420368003832357,0.9053087997445096,0.4092552065849304,1694.6844154175874,Track01327,train
0.20917195,0.0481722429394722,6.380970001220703,0.8870915750915751,0.4086056166056165,0.3318673372268677,1090.6730162475333,Track00968,train
0.21746014,0.0402619950473308,11.079584121704102,0.4616061267274206,0.6922625821817197,0.3349060714244842,1247.3022256130882,Track01298,train
0.21013843,0.0323896184563636,12.486916542053224,0.5407921144971086,0.6394719236685942,0.3522984385490417,1957.787194518384,Track00036,train
0.36175996,0.0608344301581382,10.74445343017578,0.309206139730719,0.7938625735128539,0.4814680814743042,1533.0413453625174,Track00294,train
0.09618647,0.0297642853111028,7.846209526062012,0.2135165966272743,0.8576556022484838,0.3092471957206726,1699.43203671871,Track01390,train
0.0985256,0.0331241637468338,10.04138469696045,0.3186801649793775,0.787546556680415,0.26848104596138,1382.3416590422612,Track01069,train
0.30101734,0.0485954023897647,12.836044311523438,0.3417371586315685,0.7721752275789543,0.459256649017334,1517.6385787827876,Track00159,train
0.26035675,0.0597539320588111,3.727925777435303,0.7032643046703435,0.5311571302197711,0.3538607656955719,1604.4481504247758,Track00636,train
0.12969498,0.0369201600551605,10.22544765472412,0.3510724034836864,0.7659517310108758,0.2774682939052582,1600.732402062319,Track01119,train
0.16452384,0.0420737974345684,8.730693817138672,0.3032273017208847,0.7978484655194102,0.3265765309333801,1582.85696829596,Track00867,train
0.16224644,0.0396103002130985,6.273581027984619,0.6476256441970727,0.5682495705352848,0.2737585306167602,1916.4893889974192,Track00747,train
0.24879998,0.0488854609429836,12.802712440490724,0.3490130478420876,0.7673246347719416,0.4900206327438354,1810.6550307860136,Track00473,train
0.19760767,0.0452773310244083,10.002386093139648,0.4345583773224157,0.7102944151183894,0.3210703134536743,967.8994421573574,Track01468,train
0.35004687,0.0705552846193313,10.14678955078125,0.1939636499417246,0.8706909000388503,0.5100373029708862,1286.246639200554,Track01489,train
0.22842225,0.0546683222055435,10.663105964660645,0.2674387355436918,0.8217075096375388,0.4236219823360443,1820.514763794384,Track01118,train
0.24338952,0.0421943366527557,8.914923667907715,0.4316157303118941,0.7122561797920706,0.3703137636184692,1472.8437938919622,Track00941,train
0.23431043,0.045368056744337,11.051671028137209,0.3262961312618206,0.782469245825453,0.4022943377494812,1463.8132503096683,Track00033,train
0.37415028,0.0695453658699989,9.741531372070312,0.2091338772496817,0.8605774151668788,0.4837106168270111,981.4660532547292,Track00493,train
0.089283004,0.0326446145772933,7.266137599945068,0.3514470149552944,0.7657019900298037,0.3195796906948089,1648.7237403194345,Track01398,train
0.35874945,0.0556463114917278,8.595959663391113,0.3151076054143539,0.7899282630570974,0.487190842628479,1434.1230775373915,Track00127,train
0.10706935,0.0275310426950454,7.0607428550720215,0.5033457101300015,0.6644361932466656,0.2567654550075531,1638.039373351828,Track00176,train
0.23287587,0.0444405376911163,9.394491195678713,0.2373867967312711,0.8417421355124859,0.4186227321624756,1364.2240747263656,Track00648,train
0.17251855,0.0384184867143631,13.039491653442385,0.2786394557823129,0.8142403628117914,0.2737368047237396,1092.5219287730308,Track00500,train
0.17818145,0.040706168860197,12.608725547790527,0.300078739062087,0.799947507291942,0.3227202296257019,1187.2160311651287,Track00194,train
0.15369868,0.0272583290934562,6.669727325439453,0.3290113482463923,0.7806591011690718,0.2964691519737243,1506.0301567677047,Track01094,train
0.3105229,0.055112037807703,12.926323890686035,0.2874074074074074,0.808395061728395,0.3453659117221832,1593.5507468042624,Track00133,train
0.19059454,0.0361867174506187,10.007397651672363,0.2904906793886385,0.8063395470742409,0.4267117977142334,1402.6394187530277,Track00439,train
0.20797679,0.0422708429396152,8.075481414794922,0.4083866118406508,0.7277422587728994,0.3610687255859375,1655.3851112756593,Track01174,train
0.06647586,0.022601256147027,8.850820541381836,0.3366716712052655,0.7755522191964896,0.4780978262424469,899.5322895560518,Track00088,train
0.25303915,0.0300369430333375,8.21010684967041,0.3976672584967516,0.734888494335499,0.4508252441883087,2009.6224518403687,Track01473,train
0.1354503,0.0334568247199058,13.540189743041992,0.3448581353132204,0.7700945764578531,0.2711684107780456,1635.9706336324127,Track00828,train
0.16027012,0.0412223786115646,6.384422302246094,0.9963277788179492,0.3357814807880338,0.303243488073349,1149.279902820101,Track00200,train
0.2973393,0.0464906767010688,8.70828914642334,0.2654911969436775,0.823005868704215,0.4804112315177917,2328.091154038541,Track00875,train
0.26126996,0.0495089776813983,12.960582733154297,0.2271650274429258,0.8485566483713828,0.4641619026660919,1259.5930109623096,Track00087,train
0.16108,0.0339688211679458,6.338484287261963,0.2785042595398179,0.8143304936401214,0.3062919080257416,1978.0090145558977,Track00736,train
0.103489324,0.0401070676743984,7.122511863708496,0.3510179094594678,0.7659880603603547,0.325486809015274,1193.8971615653072,Track00037,train
0.13498305,0.0313147045671939,10.247896194458008,0.4069866926249146,0.7286755382500569,0.3526209592819214,1374.137147715556,Track00481,train
0.12958689,0.0339957997202873,6.840180397033691,0.4553691106072058,0.6964205929285294,0.3331414759159088,1488.217245186606,Track00255,train
0.15584335,0.0198994446545839,8.151735305786133,0.2578663350644917,0.8280891099570055,0.2625742256641388,2217.697799182015,Track00421,train
0.270824,0.0453337952494621,9.284443855285645,0.2399211466059107,0.8400525689293928,0.3976582586765289,1269.1664329543255,Track00219,train
0.33885297,0.0624324642121791,8.179608345031738,0.2412567513958159,0.8391621657361228,0.5000268220901489,1364.4895900104505,Track00818,train
0.2152772,0.0499385111033916,6.388875484466553,0.4118556527372853,0.7254295648418098,0.4721264839172363,1421.178857092403,Track00165,train
0.4802831,0.0578277520835399,13.80687427520752,0.2647646984871978,0.8234902010085348,0.4177320301532745,1255.230579006148,Track01016,train
0.15376644,0.0339632332324981,6.001585960388184,0.5558175158175158,0.6294549894549895,0.2690722644329071,1393.3039419985505,Track00479,train
0.32886338,0.0457464754581451,11.22092342376709,0.2212906834518181,0.852472877698788,0.5096614360809326,1721.7988998753915,Track00599,train
0.2925322,0.0565728247165679,6.945233345031738,0.2317049787611175,0.845530014159255,0.5274162292480469,1158.6647345709837,Track01284,train
0.09761041,0.0277010686695575,9.723832130432127,0.2921574100460091,0.8052283933026606,0.2474484145641327,1562.6985936283918,Track00419,train
0.19408217,0.0352539718151092,7.001099586486816,0.2704428567042548,0.8197047621971635,0.3611294627189636,1535.093041298289,Track00713,train
0.24608324,0.0544884838163852,11.120585441589355,0.2808306346012583,0.8127795769324945,0.4589457511901855,1839.3213032493425,Track00297,train
0.15906951,0.0363398641347885,8.085015296936035,0.4217624521072796,0.7188250319284802,0.3959405720233917,1499.880927967043,Track00766,train
0.30365252,0.0522566549479961,11.86800479888916,0.3890426001511716,0.7406382665658856,0.5244316458702087,1799.4094740456014,Track00317,train
0.24986997,0.0489360764622688,13.232452392578123,0.2361873502991087,0.8425417664672609,0.3430826663970947,1570.591345335492,Track00638,train
0.24567102,0.0607376582920551,16.09973907470703,0.2842250118833329,0.8105166587444447,0.365717351436615,1107.4659027379475,Track01320,train
0.17402449,0.0534470044076442,5.649459362030029,0.3652825096980941,0.7564783268679373,0.428577572107315,1163.7414816749892,Track01403,train
0.2734392,0.047587152570486,16.668821334838867,0.332217351137986,0.7785217659080094,0.4303818047046661,1303.6157692249235,Track01223,train
0.16282322,0.0389204993844032,9.667258262634276,0.318136303886858,0.7879091307420947,0.4282108545303345,1450.6422953097926,Track01039,train
0.20842268,0.0511643886566162,7.372325897216797,0.2848966225086526,0.8100689183275649,0.395901471376419,1672.7026313381066,Track01242,train
0.12260576,0.0385616347193717,12.31348705291748,0.2474339583549155,0.8350440277633896,0.2864812016487121,1104.4830504724707,Track00533,train
0.14418362,0.0323314070701599,7.260759830474853,0.3195730019318476,0.7869513320454349,0.4074130356311798,1508.3234725251407,Track00983,train
0.12870534,0.031831320375204,9.87247085571289,0.3513088025539189,0.7657941316307207,0.2613867223262787,1337.0687495355255,Track00686,train
0.2097785,0.0359675176441669,7.205135345458984,0.3450687173420092,0.7699541884386605,0.3314224183559418,1706.500938328252,Track00548,train
0.23291287,0.038643829524517,7.856900215148926,0.3689982507288629,0.7540011661807581,0.3784506618976593,1883.080812089472,Track00806,train
0.15367664,0.0377216860651969,8.482819557189941,0.1929305055355475,0.8713796629763016,0.2802605628967285,1745.053053686756,Track00691,train
0.30939195,0.0521688349545002,14.0216646194458,0.2166483498648266,0.8555677667567823,0.4465941488742828,1472.214971985926,Track01003,train
0.2779743,0.0420129373669624,13.574288368225098,0.3771121727897293,0.7485918848068471,0.3980848491191864,1587.0218552021245,Track00908,train
0.05550047,0.0194622967392206,13.035354614257812,0.384994817479774,0.7433367883468174,0.2550299167633056,1180.0746582413412,Track00067,train
0.12527655,0.0430792793631553,9.180514335632324,0.2189479944983458,0.8540346703344361,0.3871419429779053,1712.992095291184,Track00187,train
0.12710047,0.0410119481384754,11.871771812438965,0.2179476924020941,0.854701538398604,0.3514052331447601,1829.467473207807,Track01331,train
0.29097706,0.0492645651102066,10.552966117858888,0.2794105981876145,0.8137262678749236,0.4297832250595093,1411.886614810468,Track00558,train
0.2922015,0.0373607985675334,8.71644115447998,0.3590162218733647,0.7606558520844235,0.5107191801071167,1511.2244670981815,Track01197,train
0.16441518,0.0533968918025493,12.154332160949709,0.3530388988070928,0.7646407341286048,0.3586965799331665,1115.51328194116,Track00928,train
0.15586548,0.0240547284483909,8.21981143951416,0.3924321866127622,0.7383785422581586,0.2939279079437256,1404.9841008870903,Track00128,train
0.13117383,0.0376498848199844,9.40743350982666,0.4385302600004403,0.7076464933330397,0.3049365580081939,1214.844296082704,Track01013,train
0.13562465,0.036005675792694,11.040788650512695,0.4663033749655064,0.6891310833563291,0.2985012829303741,1565.0383225758997,Track01309,train
0.22319055,0.0399349927902221,9.287557601928713,0.3629015592491292,0.7580656271672472,0.4301421344280243,1662.488820039468,Track00498,train
0.13250485,0.0380256623029708,9.695267677307127,0.4184095100666529,0.7210603266222313,0.2384614944458007,1411.0126373727312,Track00998,train
0.30623415,0.0506956428289413,9.460588455200195,0.2245173843283311,0.8503217437811126,0.4787188768386841,1538.99716326813,Track00003,train
0.42830083,0.0569277107715606,14.084519386291504,0.2551750805585392,0.8298832796276405,0.4919299185276031,1351.256277175424,Track00414,train
0.24483635,0.0566426366567611,8.483075141906738,0.3256329965366231,0.7829113356422512,0.4101664125919342,1485.9636944985566,Track00567,train
0.3285226,0.0431558042764663,8.48670768737793,0.2891090005513746,0.8072606662990836,0.4551008939743042,2739.927059604527,Track00002,train
0.23616767,0.0457647480070591,9.65822982788086,0.3351581052368454,0.7765612631754364,0.4206187725067138,1325.9643862581534,Track00838,train
0.21374676,0.0401809588074684,8.940305709838867,0.5444202639102933,0.6370531573931377,0.3640401363372803,1691.0717873837132,Track01204,train
0.16997597,0.0488842539489269,6.081599235534668,0.4821621701084539,0.6785585532610308,0.4098853766918182,2336.550669705857,Track00722,train
0.21525063,0.0316909812390804,10.535574913024902,0.2923344006789861,0.8051103995473426,0.4057817161083221,1500.7007197350536,Track00639,train
0.12616374,0.0312923192977905,11.497139930725098,0.1933126336528284,0.8711249108981144,0.2424975931644439,1938.971712580772,Track01474,train
0.07382261,0.0264966897666454,8.614056587219238,0.4117613762296898,0.7254924158468734,0.2171303182840347,1215.8714812851274,Track01064,train
0.14321794,0.0306056533008813,12.780911445617676,0.5472118724032823,0.6351920850644786,0.2573249638080597,1074.3786124625185,Track00061,train
0.19613335,0.0367472097277641,14.114337921142578,0.3658311646806373,0.7561125568795751,0.2924327254295349,951.226030058154,Track01023,train
0.33630002,0.0561008565127849,12.955105781555176,0.3213199438505561,0.7857867040996293,0.4790562093257904,1232.3260258533037,Track00007,train
0.17215134,0.0309331007301807,10.008349418640137,0.5740631803349574,0.6172912131100283,0.2828491628170013,1372.8290046414038,Track00560,train
0.22602195,0.0388547293841838,9.030771255493164,0.3962428873583473,0.7358380750944351,0.4223677814006805,1666.094556852723,Track01021,train
0.063569985,0.0240653064101934,9.094594955444336,0.268018476526413,0.821321015649058,0.4454094469547272,1039.6639269314264,Track00059,train
0.14751574,0.0355183444917202,9.87679386138916,0.4453468224896796,0.7031021183402135,0.2834681570529938,1632.6681269768103,Track00435,train
0.105376594,0.0201752427965402,7.81022834777832,0.6705406903502141,0.5529728730998573,0.2459876984357834,1702.5025908668565,Track00352,train
0.31057855,0.0527722649276256,15.333836555480955,0.3686629847307953,0.7542246768461365,0.4412137269973755,1152.5342193487306,Track00494,train
0.12130902,0.0342184975743293,5.662330627441406,0.6916807402138692,0.5388795065240872,0.2667478322982788,1254.7588082236036,Track01214,train
0.114401385,0.0324844382703304,10.091394424438477,0.3410190300798035,0.7726539799467976,0.2691657543182373,1593.3222828262983,Track01044,train
0.19208434,0.03782919049263,10.041192054748535,0.3562165561729356,0.7625222958847095,0.2913510799407959,1138.5452903809462,Track00026,train
0.21575649,0.0506570637226104,15.343647003173828,0.2292250894848297,0.8471832736767801,0.3905891180038452,1375.1252748684285,Track00108,train
0.17974137,0.0112175280228257,8.789729118347168,0.3276159987804645,0.781589334146357,0.2112957835197448,2086.644345066359,Track00631,train
0.20169066,0.0394221097230911,8.44228744506836,0.2642188915062109,0.8238540723291927,0.433882474899292,1690.6261255772,Track00628,train
0.16017231,0.0363374985754489,8.81639289855957,0.3287668107075115,0.7808221261949924,0.401618093252182,1507.7923407901335,Track01453,train
0.122705825,0.0360181257128715,9.122685432434082,0.5688888888888889,0.6207407407407408,0.2603423297405243,1708.092446265243,Track00891,train
0.2132587,0.0497800558805465,12.866086959838867,0.2905734324737647,0.8062843783508236,0.3466240763664245,1296.3815963105033,Track00145,train
0.22478716,0.043571688234806,8.108497619628906,0.4266086167800453,0.7155942554799697,0.3960673809051513,1730.4166089198952,Track00704,train
0.17995702,0.0362295471131801,8.983407974243164,0.5242797837083552,0.6504801441944299,0.331958144903183,1486.1136269080496,Track00250,train
0.17449567,0.0504417940974235,13.415326118469238,0.2483815355457146,0.8344123096361902,0.2976154386997223,1674.6868285373523,Track00310,train
0.18322395,0.0448388159275054,7.338192462921143,0.3254022721604445,0.783065151893037,0.3358668088912964,2132.4404674622465,Track01272,train
0.18417647,0.0370197109878063,8.090456008911133,0.3545635265600493,0.7636243156266338,0.3662233352661133,2355.2710170833807,Track00409,train
0.089747414,0.0227362960577011,10.287931442260742,0.3824535387347179,0.7450309741768548,0.2314907610416412,1151.675187507367,Track01425,train
0.22088659,0.0325382612645626,14.171863555908203,0.4374026239588697,0.7083982506940869,0.3554138243198395,1378.2582600145845,Track01043,train
0.24741095,0.0475466884672641,14.136727333068848,0.3182389426042141,0.7878407049305239,0.3751014769077301,1380.2168025755286,Track00887,train
0.2339521,0.0414602197706699,7.763916969299316,0.2327577184720042,0.8448281876853305,0.4321334660053253,1489.2678660186912,Track00028,train
0.1693244,0.0417977571487426,9.96366024017334,0.4634831184281734,0.6910112543812177,0.4024133384227752,1271.774408313503,Track00780,train
0.19878198,0.0487501434981823,10.420071601867676,0.2423987238894071,0.8384008507403953,0.4077947735786438,1515.0996080263997,Track01106,train
0.18454663,0.034854020923376,9.085230827331545,0.303835576783905,0.79744294881073,0.3762901425361633,1452.8543372276883,Track00717,train
0.25735214,0.035225786268711,13.670702934265137,0.4089629708777054,0.727358019414863,0.331911951303482,1813.5588606444187,Track00464,train
0.21506439,0.0396020039916038,5.460613250732422,0.3383196796449076,0.774453546903395,0.3958172798156738,1325.9514053724702,Track01370,train
0.1568805,0.0234817583113908,8.954730033874512,0.4141757405837734,0.7238828396108177,0.3077106773853302,1566.4071201925356,Track00816,train
0.27748677,0.0307096038013696,9.13316535949707,0.2450082909165552,0.8366611393889631,0.4148736000061035,2206.4564303689576,Track01466,train
0.15482487,0.0268277842551469,7.06761360168457,0.3971412932989288,0.7352391378007141,0.3947222828865051,1519.7999861269202,Track00167,train
0.18511689,0.0380902625620365,10.172978401184082,0.4596969309644526,0.6935353793570316,0.3582048714160919,1439.2979420139914,Track00525,train
0.14199974,0.028380325064063,7.254090785980225,0.7961338590637954,0.4692440939574697,0.2464044392108917,1129.1099606845237,Track00221,train
0.14279337,0.0305550638586282,10.90358543395996,0.5906790433743283,0.6062139710837811,0.2906858921051025,1706.3973336875188,Track00373,train
0.15017699,0.025480818003416,7.758232116699219,0.3909784213232489,0.7393477191178341,0.2021956890821457,1021.2289359883332,Track00731,train
0.086952254,0.0242971424013376,9.026185035705566,0.5134441679110668,0.6577038880592887,0.2731377780437469,1317.8546566947832,Track00574,train
0.22341412,0.0482303574681282,14.755436897277832,0.3449194775578789,0.7700536816280807,0.4231044948101043,1192.4619718772683,Track00395,train
0.26320094,0.0621208399534225,9.440512657165527,0.2810624075717243,0.8126250616188504,0.4732289910316467,1263.6248484459968,Track00954,train
0.20712587,0.0430622547864913,11.53384017944336,0.3760655761765332,0.7492896158823112,0.3636251389980316,1999.5848685581077,Track00361,train
0.0011078349,0.0167704690247774,9.004781723022461,0.429351279385749,0.713765813742834,0.2468004375696182,662.321419155257,Track01123,train
0.22458589,0.0398064330220222,9.308109283447266,0.3392259761047276,0.7738493492635149,0.3827830255031585,1836.625847449146,Track00598,train
0.19593039,0.0442809090018272,8.656896591186523,0.363062841727485,0.75795810551501,0.4586950540542602,1657.9596034583983,Track01263,train
0.2455262,0.0382751561701297,11.298280715942385,0.3344285415483909,0.7770476389677393,0.3403429687023163,1961.876917403789,Track00198,train
0.10630242,0.0181191768497228,6.45034122467041,0.4101434650833588,0.7265710232777607,0.2588143050670624,1142.0759729467034,Track00142,train
0.20571963,0.0315494239330291,9.321066856384276,0.3476798545006069,0.7682134303329288,0.3858592510223388,1863.9287856683293,Track00071,train
0.4257112,0.0658947676420211,11.811826705932615,0.2784347458546811,0.8143768360968793,0.5272223353385925,1556.5896351023855,Track00326,train
0.17260458,0.0484817922115325,8.516190528869629,0.3580437312730604,0.761304179151293,0.3340142369270324,1332.1231620074743,Track01337,train
0.22262834,0.0452569909393787,8.486966133117676,0.4991534719455388,0.6672310187029742,0.4178678393363952,1847.3044896048289,Track00402,train
0.13495809,0.0339157916605472,7.599612712860107,0.3890973557467063,0.740601762835529,0.3074125647544861,1241.7719821504736,Track01168,train
0.25614637,0.0450573153793811,8.170354843139648,0.3481133120805064,0.7679244586129957,0.344925582408905,1452.620975374346,Track00132,train
0.18619007,0.0447548441588878,13.252484321594238,0.3681952559723752,0.7545364960184165,0.2630901932716369,1578.808964609558,Track00151,train
0.24337712,0.0399897247552871,9.47069263458252,0.33164220555876,0.77890519629416,0.3741791844367981,1491.4840961264545,Track00359,train
0.2579373,0.0469796732068061,11.151082038879396,0.3136317650603365,0.7909121566264423,0.4489376544952392,1523.4093690921625,Track00992,train
0.17126168,0.0431534983217716,9.296722412109377,0.4583069758369297,0.6944620161087135,0.420408695936203,1650.6649871243594,Track00278,train
0.17416355,0.0374823063611984,9.224767684936523,0.4277058313037148,0.7148627791308568,0.3387697339057922,1225.8990296698848,Track00786,train
0.30195987,0.0500007271766662,11.76087474822998,0.370988869320994,0.7526740871193373,0.445098340511322,1674.793929125707,Track00936,train
0.3697725,0.0528905317187309,14.438468933105469,0.2783842914455159,0.814410472369656,0.4395762979984283,2257.839666288704,Track01276,train
0.2542154,0.0444422215223312,10.631786346435549,0.4038628218248951,0.7307581187834032,0.4345322549343109,1083.1581071462897,Track00793,train
0.2037962,0.0446496121585369,14.79668426513672,0.2755613061747273,0.8162924625501817,0.3643212616443634,1385.4712401590557,Track00518,train
0.15058306,0.0312589406967163,4.151065349578857,0.8944195251716707,0.4037203165522195,0.3055273592472076,1574.4516891303847,Track00795,train
0.17800307,0.033814650028944,10.738895416259766,0.287968444184149,0.8080210372105673,0.2652387917041778,1778.2276289997135,Track00404,train
0.19749649,0.0411595106124877,14.0709228515625,0.5529602243473879,0.6313598504350748,0.3832837343215942,1571.749475155034,Track00885,train
0.18214728,0.0402070172131061,6.951742172241211,0.4644433214555663,0.6903711190296224,0.4043532311916351,1675.9704839273966,Track01086,train
0.25665423,0.0487600862979888,11.366572380065918,0.3205127739984882,0.7863248173343411,0.4651611149311065,1855.5011594394075,Track00859,train
0.3029118,0.052084594964981,13.290955543518066,0.3530866035053572,0.7646089309964285,0.4306083023548126,1147.2479976676414,Track00427,train
0.17613958,0.0363483130931854,11.209185600280762,0.2659556503050984,0.8226962331299343,0.3841138780117035,1499.6580771976592,Track01380,train
0.10989455,0.0345504693686962,9.364933967590332,0.4674950869236584,0.6883366087175611,0.3248988389968872,1219.1528038108906,Track00225,train
0.042881824,0.0253679603338241,8.051013946533203,0.3203891324192076,0.7864072450538616,0.2883707284927368,2196.3232901063643,Track00480,train
0.2761246,0.0643240734934806,8.762499809265137,0.1887959247668964,0.8741360501554024,0.4416905343532562,1445.6224396504508,Track01271,train
0.20156963,0.0443396084010601,5.514973640441895,0.4697173647918608,0.6868550901387594,0.4318951964378357,1789.995968885481,Track00246,train
0.21890064,0.0430101118981838,11.46532154083252,0.3175865393776558,0.7882756404148962,0.4152830839157104,1439.5894138694566,Track01015,train
0.19411382,0.0434723533689975,14.037351608276367,0.29561507480072,0.8029232834661867,0.4334301352500915,1468.2607630185928,Track00259,train
0.30597284,0.053494457155466,14.656447410583496,0.3746887637349698,0.7502074908433535,0.4561004638671875,1302.6211188200623,Track00347,train
0.30900532,0.0632489621639251,8.096160888671875,0.2379172925432215,0.8413884716378524,0.4514127373695373,1613.824438802228,Track01420,train
0.19605073,0.0340865142643451,8.20232105255127,0.8169554043839757,0.4553630637440161,0.3914964199066162,1299.1663350609256,Track00204,train
0.24527144,0.0482127182185649,10.085755348205566,0.2932781228433402,0.8044812514377732,0.4466999471187591,1769.9306598070625,Track00308,train
0.20629247,0.0374559424817562,8.61789608001709,0.3009516344260612,0.7993655770492925,0.3882868885993957,1926.9747291112835,Track01127,train
0.1609269,0.0349919162690639,13.107304573059082,0.466492377696766,0.6890050815354893,0.2424238175153732,1498.3507675335493,Track00093,train
0.1575284,0.0360862649977207,17.11174964904785,0.2742350051501466,0.8171766632332356,0.2769187092781067,1302.009947176585,Track01340,train
0.17847331,0.0193339604884386,8.742834091186523,0.273672894369067,0.8175514037539553,0.3479184806346893,1409.9743703042911,Track01278,train
0.39323726,0.066115915775299,19.51529693603516,0.2568504983388704,0.8287663344407531,0.4835292994976043,1285.686080715574,Track00335,train
0.3483999,0.0491705127060413,11.61093807220459,0.2583261717156886,0.8277825521895409,0.456003725528717,1208.7359794350243,Track01296,train
0.34302646,0.0404808521270751,12.893052101135254,0.2716871684760433,0.8188752210159711,0.4425466656684875,2082.407920555842,Track01433,train
0.16664027,0.0343860983848571,9.845130920410156,0.3622553546461763,0.7584964302358824,0.2347641736268997,1772.950188409439,Track01216,train
0.22129361,0.034117616713047,12.567179679870604,0.3526127974309949,0.7649248017126701,0.3966004252433777,1653.476999556006,Track00043,train
0.20182191,0.037022229284048,10.213129043579102,0.204870387330772,0.8634197417794853,0.4038538038730621,1480.695582954697,Track01107,train
0.16468863,0.0404326468706131,7.332124710083008,0.2941053014879918,0.8039297990080054,0.4045009016990661,1562.6703462076014,Track01428,train
0.19595799,0.0496463924646377,6.778183937072754,0.3618001728378647,0.7587998847747568,0.4584304690361023,1704.8670342592332,Track00849,train
0.17546439,0.0527781993150711,9.11890697479248,0.3943038548752834,0.7371307634164777,0.3451310098171234,933.7537874039612,Track01364,train
0.18125573,0.0483993738889694,11.272546768188477,0.3832176076924936,0.744521594871671,0.4581890702247619,1096.3203557904828,Track00550,train
0.21699898,0.0334186553955078,12.474510192871094,0.3914048756757605,0.7390634162161597,0.3274911046028137,1384.306224939082,Track00362,train
0.15432695,0.0388553962111473,5.2802734375,1.3944003853700375,0.0703997430866416,0.4389624893665313,1373.1775563993988,Track01500,train
0.13998072,0.0356926321983337,7.839314460754394,0.3604060789661876,0.7597292806892082,0.3279412686824798,1141.9732810889466,Track00502,train
0.14605069,0.0440667644143104,13.419526100158691,0.2936041574325669,0.8042638950449553,0.3819425404071808,1214.395989827779,Track00226,train
0.11386711,0.0400700382888317,10.0639066696167,0.3161649400771887,0.7892233732818742,0.3633764088153839,1715.423400576246,Track00438,train
0.19066173,0.037707433104515,9.118807792663574,0.3842443342685473,0.7438371104876351,0.3356685042381286,1581.8767098607923,Track01268,train
0.18072993,0.0397058837115764,10.193032264709473,0.3551351007692797,0.7632432661538135,0.3288311660289764,1324.8066535403807,Track01091,train
0.16419053,0.0468510463833808,9.136770248413086,0.2944599480695964,0.8036933679536024,0.3454020321369171,1370.263463143196,Track00922,train
0.31966323,0.04668540507555,6.709115982055664,0.4967572233194353,0.6688285177870431,0.4599491059780121,2153.669418581802,Track00070,train
0.27740178,0.0317823141813278,14.943846702575684,0.3654674343445654,0.7563550437702897,0.3711027801036834,1428.3358996443333,Track00889,train
0.1762991,0.0305625330656766,6.876787662506104,0.4819110396744219,0.6787259735503854,0.3063372075557709,1810.757726241668,Track00528,train
0.1748629,0.0501361563801765,9.756217002868652,0.4381691442008902,0.7078872371994065,0.34797203540802,1273.4146680152592,Track00372,train
0.16497871,0.0384109914302825,7.185953140258789,0.3325400721571561,0.778306618561896,0.305148720741272,1690.259501264386,Track00484,train
0.23073317,0.0462497361004352,8.475563049316406,0.3344957522179378,0.7770028318547081,0.3195255696773529,1658.1965953490103,Track01287,train
0.17101793,0.0539813786745071,4.756348133087158,0.6575370335049908,0.5616419776633395,0.3130234181880951,1880.3107941893973,Track00937,train
0.091570765,0.0274453219026327,10.230219841003418,0.2803755271579036,0.8130829818947309,0.4278719127178192,1287.2437725197829,Track00447,train
0.2348596,0.0499652251601219,10.008896827697754,0.3069287606301408,0.7953808262465728,0.4479373395442962,1545.8325402183386,Track01038,train
0.17938508,0.0339525714516639,6.269161224365234,0.2857394731163396,0.8095070179224403,0.3321248590946197,1450.8976471325143,Track00234,train
0.22018914,0.0460678823292255,11.749350547790527,0.339147639489059,0.7739015736739606,0.4123511910438537,1571.153196161266,Track00155,train
0.07198998,0.0204631630331277,8.776926040649414,0.2779189494321471,0.8147207003785686,0.2456285953521728,1390.6058502191795,Track00842,train
0.26353952,0.0413051098585128,13.24571704864502,0.2445812357439283,0.8369458428373812,0.4382815361022949,1786.2523575439743,Track01406,train
0.11761499,0.0301656108349561,9.45363998413086,0.4759858966873509,0.6826760688750995,0.2645742297172546,1297.4431679966085,Track01495,train
0.124730274,0.0276673845946788,6.690169334411621,0.5180980560508993,0.6546012959660672,0.2569848299026489,1530.1199521645897,Track00014,train
0.1853607,0.039488598704338,12.99752712249756,0.340394654315627,0.7730702304562487,0.3778699338436126,1287.4745649733975,Track01269,train
0.22505005,0.041047602891922,9.853604316711426,0.3685975582285895,0.7542682945142737,0.4317466914653778,1784.7199544941964,Track01012,train
0.23070782,0.0477120280265808,12.972196578979492,0.3114812739910779,0.7923458173392814,0.3521634936332702,1231.9945465705543,Track00809,train
0.18074019,0.0254688840359449,15.93812656402588,0.3141044019947159,0.790597065336856,0.3831915855407715,1527.1079778137437,Track00643,train
0.12474054,0.0235226321965456,14.7168550491333,0.2919955246830482,0.8053363168779678,0.2519959807395935,1597.194709494162,Track00575,train
0.21332484,0.0388784781098365,12.125164985656738,0.338748883122061,0.7741674112519593,0.2952854335308075,1339.379831610775,Track01361,train
0.24845846,0.0327026396989822,11.706233978271484,0.4047741464884323,0.7301505690077118,0.4568011164665222,1529.8491166307213,Track00944,train
0.4786193,0.0039202412590384,4.1608099937438965,0.3224225364126842,0.7850516423915439,0.3609391450881958,1675.2522584555988,Track01194,train
0.39033258,0.054286103695631,5.974269390106201,0.4032124756335283,0.7311916829109811,0.5235832929611206,1994.6871260251448,Track01486,train
0.16345838,0.0348246097564697,8.965851783752441,0.5456018245448468,0.6362654503034355,0.3371089398860931,1281.336824047453,Track00610,train
0.35345778,0.0544107556343078,13.95169448852539,0.2463511674940246,0.8357658883373169,0.4571814835071563,1122.072931259348,Track01363,train
0.10142716,0.0316053032875061,8.26208782196045,0.3362704256960516,0.7758197162026322,0.2996846139431,1759.7642041607992,Track00412,train
0.38832858,0.055175743997097,6.283230304718018,0.3019237316348515,0.7987175122434323,0.3957953155040741,1371.460791271154,Track00444,train
0.08460645,0.0321635045111179,17.722959518432617,0.2963308498002376,0.802446100133175,0.3035721778869629,1577.8098238057787,Track00358,train
0.19645591,0.0467793755233287,6.389660835266113,0.4607812530111194,0.692812497992587,0.3633597195148468,2396.814599361312,Track00534,train
0.16543987,0.0380254611372947,7.028265476226807,0.3187537936776515,0.7874974708815656,0.2809266448020935,1478.8062489493004,Track00728,train
0.21327849,0.0308304335922002,18.00069236755371,0.3485168368674557,0.7676554420883628,0.3541328907012939,1354.1967183686572,Track01330,train
0.2701524,0.0434013381600379,10.259754180908203,0.2795105443506046,0.8136596370995969,0.4955997765064239,1645.5269477485335,Track00856,train
0.1657204,0.0402079559862613,9.902742385864258,0.318549667870511,0.7876335547529927,0.3340606093406677,1159.945929028948,Track00490,train
0.18287309,0.032997015863657,11.27862548828125,0.2951105211732389,0.803259652551174,0.3771056532859802,1368.631985554288,Track00958,train
0.16641062,0.0490531623363494,12.582439422607422,0.2748322878935124,0.8167784747376584,0.3985195457935333,1991.1181017882368,Track00063,train
0.3488342,0.0526439473032951,8.364239692687988,0.2939587338203255,0.8040275107864496,0.3766433000564575,1478.195733121425,Track01241,train
0.3627261,0.0576985627412796,5.404253005981445,0.5656896951373143,0.6228735365751239,0.5441024899482727,2339.661627397052,Track00770,train
0.21820852,0.0376055389642715,15.575488090515137,0.4140646042406797,0.7239569305062135,0.3823845684528351,1616.339065973632,Track00284,train
0.22796708,0.0583244711160659,11.73153018951416,0.3265017795197549,0.7823321469868301,0.3837102055549621,1732.2749477853663,Track00676,train
0.39759323,0.047060802578926,13.51463222503662,0.3785232131485581,0.7476511912342947,0.502002477645874,1030.0184901576022,Track00843,train
0.22509086,0.0369391962885856,11.122269630432127,0.3224477702191988,0.7850348198538675,0.4759566187858581,1227.183940952495,Track00738,train
0.2417666,0.0484684146940708,10.01487636566162,0.2746871230761809,0.8168752512825461,0.4504636228084564,1128.6208571549244,Track00815,train
0.06533938,0.0333704426884651,8.384234428405762,0.38558206381144,0.7429452907923733,0.4874861240386963,941.8181395499764,Track00595,train
0.27762,0.0501522608101367,8.530426979064941,0.298701209489463,0.800865860340358,0.4392724335193634,2337.0882213848936,Track01089,train
0.26757857,0.0482546761631965,11.210687637329102,0.2446078523092275,0.836928098460515,0.3997875154018402,1324.866697558751,Track01333,train
0.16691762,0.0515655353665351,6.278453826904297,0.425989872213883,0.7160067518574114,0.4325910806655884,1682.9292250879032,Track01222,train
0.13455412,0.0313766300678253,11.85081958770752,0.3405996472663139,0.7729335684891241,0.3137993514537811,1201.3319042160958,Track01310,train
0.32865292,0.0450972206890583,14.701701164245604,0.407838340784668,0.7281077728102213,0.5184857845306396,1983.872274134156,Track01072,train
0.19390415,0.0398906841874122,7.4063239097595215,0.2647855332609234,0.8234763111593844,0.3222092092037201,1655.9121228589183,Track00218,train
0.14606394,0.0361842177808284,9.856801986694336,0.3058902583038105,0.796073161130793,0.3237837255001068,1722.3192117592787,Track01175,train
0.16196689,0.0471575260162353,11.689513206481934,0.2344034743841039,0.8437310170772641,0.2959683537483215,1797.4502742150228,Track00237,train
0.3506772,0.0376055426895618,11.68966293334961,0.3435827664399093,0.7709448223733938,0.4619657099246979,1772.259830479362,Track01055,train
0.21602671,0.0435692965984344,9.271965026855469,0.3638563590443289,0.7574290939704473,0.4505834877490997,1578.4499684902128,Track01392,train
0.22060177,0.0438712462782859,13.0195951461792,0.2630523581981812,0.8246317612012125,0.3684026002883911,1647.1803022176657,Track00659,train
0.278559,0.0339374095201492,12.38726043701172,0.3343514971403806,0.7770990019064129,0.3375698328018188,1158.2909797591865,Track00140,train
0.21772598,0.0346559211611747,14.666205406188965,0.2568111521338095,0.828792565244127,0.3411594033241272,1194.4260345105006,Track01377,train
0.2391466,0.0514866076409816,15.534832000732422,0.2938312346215082,0.8041125102523279,0.3702024221420288,1297.362410934765,Track00505,train
0.093107134,0.0369674935936927,6.320497989654541,0.5572789115646258,0.6284807256235827,0.3804746866226196,1188.222607763594,Track00272,train
0.12657748,0.0373811200261116,7.9971089363098145,0.2962866213151927,0.8024755857898715,0.34244105219841,1349.5655580868918,Track00540,train
0.17102915,0.0333517231047153,5.212857246398926,0.2362468493373445,0.8425021004417703,0.3723773956298828,934.11179451984,Track00823,train
0.11461315,0.0302265677601099,6.642881393432617,0.551219424443403,0.632520383704398,0.2415844202041626,1253.234247639565,Track00158,train
0.1593086,0.0326417312026023,9.549530982971191,0.3456101490336297,0.7695932339775802,0.31368088722229,1499.6278214452225,Track00102,train
0.19956635,0.0425008088350296,9.667004585266112,0.5193961568691221,0.6537358954205852,0.3006171584129333,1363.1830595476272,Track01122,train
0.20159534,0.0347399562597274,11.899036407470703,0.3705693671407957,0.7529537552394695,0.299479216337204,1933.720393579868,Track00596,train
0.048046485,0.0237080212682485,13.207761764526367,0.4334262963214079,0.711049135785728,0.2540585696697235,1056.3097152065525,Track00451,train
0.1376613,0.0347723104059696,10.367344856262209,0.6400657898715042,0.5732894734189973,0.2723265290260315,1561.596155022076,Track00460,train
0.11217775,0.0320054143667221,11.067745208740234,0.3444648318042813,0.7703567787971458,0.2549413442611694,1528.7330659517518,Track00652,train
0.29104766,0.0470648482441902,9.612004280090332,0.2731962956817776,0.8178691362121482,0.4309810101985931,1485.3666541501116,Track00761,train
0.16016711,0.030473181977868,10.851146697998049,0.5812995543044803,0.612466963797013,0.2963957786560058,1482.5017790260586,Track00514,train
0.14203282,0.0340553596615791,10.37810516357422,0.344453514739229,0.7703643235071806,0.2838501036167145,1540.663310296097,Track00921,train
0.22821188,0.0562197789549827,8.739739418029785,0.4664226184300881,0.6890515877132746,0.4313046336174011,1559.9886530680212,Track01335,train
0.16975038,0.0349783152341842,10.441207885742188,0.3853268545513443,0.7431154302991038,0.2510596811771393,1097.6907785555022,Track00939,train
0.21314453,0.0562553964555263,6.427664279937744,0.3220867311728003,0.7852755125514664,0.3843744397163391,1423.9813214522198,Track01181,train
0.095131524,0.0217021312564611,12.41362190246582,0.4098874851527913,0.7267416765648058,0.2587724030017853,1315.8856247360268,Track00794,train
0.13149422,0.0326703190803527,5.922244548797607,0.8141368169686753,0.4572421220208831,0.2954839169979095,1430.5010918790597,Track00068,train
0.13858147,0.0389423817396163,9.526912689208984,0.33023473549372,0.7798435096708534,0.3174544274806976,1276.4389357497084,Track00300,train
0.22509648,0.0376087985932827,10.4407320022583,0.3176633795637118,0.7882244136241922,0.3981524705886841,1829.374230813213,Track01354,train
0.19030082,0.0415520407259464,11.29574489593506,0.2976270591465882,0.8015819605689412,0.3483234345912933,1541.5891560201874,Track00569,train
0.15496124,0.0380744151771068,8.417757034301758,0.2842664477594533,0.8104890348270312,0.3451060056686401,1773.814216426532,Track00660,train
0.22094238,0.046037595719099,9.149600982666016,0.6825572532677991,0.5449618311548006,0.3008283078670501,1699.1558033120298,Track01198,train
0.10961236,0.0364258028566837,7.343953132629394,0.5569152881137541,0.6287231412574972,0.2726763784885406,1267.8718020158356,Track00008,train
0.23818399,0.0566760003566741,9.354830741882324,0.2155161182550345,0.8563225878299769,0.3859394490718841,1385.274786142374,Track00592,train
0.17279619,0.0301970895379781,10.264481544494627,0.4818269876621769,0.6787820082252154,0.2677616477012634,1381.744194437818,Track00205,train
0.1991822,0.052382867783308,8.473132133483887,0.4019691654805799,0.73202055634628,0.4046648740768432,1187.849403201198,Track00482,train
0.12711488,0.0299617107957601,8.523446083068848,0.3571775376817394,0.7618816415455071,0.2797096967697143,1395.44382494847,Track00995,train
0.11408608,0.0370544455945491,10.357783317565918,0.5375061770740042,0.6416625486173306,0.2555553615093231,1554.416300841518,Track00556,train
0.14301428,0.0283708795905113,11.435614585876465,0.2580304785669726,0.8279796809553516,0.3575924634933471,1918.716636305308,Track00270,train
0.13889681,0.0337284542620182,10.771651268005373,0.2554583304893864,0.829694446340409,0.3543130159378052,1725.1357522515304,Track00609,train
0.11952646,0.0281866192817688,8.170989990234375,0.4517973085381556,0.6988017943078962,0.2779629230499267,1235.351974409301,Track00311,train
0.29418588,0.0460388027131557,13.335633277893066,0.2860069280237348,0.8093287146508434,0.4602744877338409,1505.0084667660142,Track00261,train
0.21343896,0.0523145496845245,12.818097114562988,0.3859325719657643,0.7427116186894904,0.3673804700374603,1839.2265660248656,Track00945,train
0.32690534,0.0506113246083259,13.422847747802734,0.3092109018639631,0.7938593987573579,0.4862915873527527,1614.4299919231933,Track01342,train
0.15927732,0.0436636954545974,8.430002212524414,0.2209433357830666,0.8527044428112889,0.4101321995258331,1713.7709093363,Track00329,train
0.09212536,0.0385893508791923,8.111357688903809,0.4369623069353527,0.7086917953764316,0.2237472385168075,1972.8548166701096,Track00197,train
0.15253492,0.0314338952302932,10.36286735534668,0.5430859182080326,0.6379427211946449,0.2849940955638885,1380.4924653306366,Track00437,train
0.24391338,0.048807680606842,13.55506706237793,0.349743960305417,0.7668373597963887,0.3869991898536682,1501.4197701342296,Track01192,train
0.13059081,0.0352769792079925,8.60561466217041,0.1711601207184011,0.8858932528543992,0.3989449143409729,1215.8713463919316,Track01275,train
0.15943794,0.039782028645277,4.606323719024658,0.5428502130903294,0.6380998579397803,0.3426488041877746,1767.5106681978648,Track01297,train
0.0024270872,0.0135668125003576,8.507560729980469,0.403213058628341,0.7311912942477726,0.3365277945995331,703.8442338401863,Track00557,train
0.20892605,0.0391985699534416,9.730168342590332,0.3751681243926142,0.7498879170715905,0.3195957839488983,1466.5752984229823,Track00497,train
0.21678884,0.0407673083245754,10.463262557983398,0.3170152921595567,0.7886564718936289,0.3962121605873108,1391.830585159668,Track01431,train
0.07082276,0.0279691535979509,6.513891220092773,0.5022697332901415,0.6651535111399056,0.2444688379764557,1092.7773927638066,Track00307,train
0.11343579,0.0264817830175161,9.007875442504885,0.6715358312637224,0.5523094458241851,0.2754998803138733,1269.6435164291142,Track01273,train
0.18631881,0.0282595008611679,11.278779983520508,0.3657043286153798,0.7561971142564134,0.2579554617404938,1263.7961605372684,Track00965,train
0.1865315,0.0457055047154426,7.574493408203125,0.4786550651268259,0.6808966232487828,0.4059404134750366,1357.661629987371,Track00288,train
0.15926045,0.0368141643702983,7.926939487457275,0.5340204495286229,0.643986366980918,0.3386358022689819,1856.1126318216727,Track00846,train
0.07951362,0.0239308699965477,4.9047532081604,0.453738846679462,0.6975074355470253,0.2096421122550964,1752.7969528312951,Track00927,train
0.29663244,0.0655626878142356,10.591073989868164,0.2638771005090777,0.8240819329939482,0.4917357563972473,1317.0526441018092,Track00544,train
0.13832048,0.0194087941199541,7.826975345611572,0.3397362146688292,0.7735091902207805,0.2720001637935638,1168.7036752605686,Track00590,train
0.24087797,0.0534521229565143,9.097323417663574,0.5382698295207548,0.6411534469861635,0.3314602375030517,1385.9457529392132,Track00516,train
0.19222677,0.0376504696905612,7.439200401306152,0.2980626880700645,0.8012915412866237,0.3313624560832977,1500.6863646329289,Track00407,train
0.09807607,0.0346499793231487,12.906782150268556,0.3443132275132274,0.770457848324515,0.2960512340068817,1491.5020939532671,Track01307,train
0.26474068,0.0476530902087688,9.136693954467772,0.2941503854875283,0.8038997430083145,0.4273262917995453,1671.8992810946531,Track01085,train
0.1522842,0.0371693037450313,12.227109909057615,0.3243041920865463,0.7837972052756358,0.3519235253334045,1194.4679700319052,Track01056,train
0.2655062,0.0483682416379451,10.127636909484863,0.2496145124716553,0.8335903250188964,0.4060441851615906,1725.0441961732688,Track00393,train
0.1667492,0.0415294170379638,10.34288215637207,0.3695581295581295,0.7536279136279136,0.3442921042442322,1701.992188509023,Track01010,train
0.19009577,0.0399670787155628,12.163705825805664,0.2073357012421487,0.8617761991719008,0.3104267120361328,2054.748385107828,Track00149,train
0.20946652,0.0376500077545642,8.11578369140625,0.435203414699213,0.7098643902005246,0.317882239818573,1414.1422940376283,Track01142,train
0.44166443,0.0780900716781616,7.068495750427246,0.3828723937952762,0.7447517374698158,0.5159751772880554,1665.132120451207,Track00125,train
0.13702352,0.0384947806596756,12.492918968200684,0.4019975650655824,0.7320016232896117,0.2817709445953369,1791.9843818069355,Track00391,train
0.16226959,0.040565337985754,7.878237247467041,0.3520049933101596,0.7653300044598936,0.3738670349121094,1447.490155115209,Track00758,train
0.2104958,0.0373150669038295,13.21258544921875,0.4055177225620575,0.729654851625295,0.3157428205013275,1633.5649945146315,Track00635,train
0.23210838,0.0394927337765693,11.971282958984377,0.4233505490648348,0.7177663006234434,0.3426079750061035,1346.2726002164327,Track00181,train
0.33805367,0.0633900240063667,14.62307834625244,0.2343622856989253,0.8437584762007164,0.4594927728176117,1248.990491205191,Track01432,train
0.09228651,0.0336587987840175,5.506872653961182,0.368981060710384,0.7540126261930773,0.248270034790039,1320.3210683379727,Track01166,train
0.2269653,0.0411364175379276,11.771520614624023,0.3378015587187256,0.774798960854183,0.3087750375270843,2004.537660095666,Track00959,train
0.102711275,0.0377679094672203,10.169723510742188,0.3564186151281704,0.762387589914553,0.4370144605636596,1458.2908448855017,Track00062,train
0.13719328,0.0324667133390903,10.493921279907228,0.7613039270910062,0.4924640486059958,0.2939671277999878,1896.3944758315183,Track00690,train
0.1567219,0.0446934849023819,5.943751335144043,0.3597821142019666,0.7601452571986889,0.294631689786911,1194.403054129329,Track01244,train
0.3932211,0.0633855983614921,8.754730224609375,0.2191439688715953,0.8539040207522698,0.5208898186683655,2185.886049468489,Track00029,train
0.13549852,0.0301274023950099,11.118016242980955,0.4066977234921486,0.7288681843385676,0.2437863051891327,1077.8361305055128,Track00257,train
0.2889012,0.0488512255251407,9.113810539245604,0.2806230699985186,0.8129179533343209,0.4221816062927246,1158.715352372055,Track01163,train
0.18320459,0.0409779958426952,13.12295627593994,0.2572280905662097,0.8285146062891935,0.3467638194561004,1504.6127242552798,Track01063,train
0.20447083,0.0481264814734458,7.666659355163574,0.453432684234078,0.6977115438439481,0.3461343050003052,1818.791009744253,Track01286,train
0.0915789,0.0318126268684864,5.219306468963623,0.1749789439585358,0.8833473706943095,0.3975361883640289,1862.953824088314,Track00784,train
0.20313266,0.0406594984233379,8.50485610961914,0.338938633509503,0.7740409109936647,0.3179717659950256,1559.7310965507024,Track00625,train
0.1463771,0.0301817785948514,4.038774490356445,1.2281768319863555,0.1812154453424295,0.3354921042919159,1816.9844368274169,Track01479,train
0.1231883,0.0378865785896778,9.932418823242188,0.3568243602202786,0.7621170931864809,0.4095223844051361,1247.1411369222592,Track01170,train
0.05135551,0.0263122040778398,6.3577961921691895,0.4631325499896929,0.6912449666735381,0.2041920125484466,1557.4430052800556,Track00763,train
0.092027426,0.0260463822633028,10.255054473876951,0.5001182998021904,0.666587800131873,0.2598705291748047,1271.0629872695083,Track01463,train
0.25698864,0.0276442691683769,11.51756763458252,0.21761238775309,0.8549250748312733,0.4732034504413605,1436.5278472360917,Track00171,train
0.1359593,0.0290189459919929,6.881428241729736,0.468740639112788,0.6875062405914747,0.2593384087085724,1156.5419176655805,Track00512,train
0.17927222,0.0386097840964794,5.882140636444092,0.7166624837637321,0.5222250108241786,0.3429271876811981,1531.849935037302,Track01183,train
0.1992685,0.0413896441459655,7.764643669128418,0.3326928106998174,0.7782047928667885,0.333855390548706,1400.819660166897,Track00775,train
0.26269045,0.0398343913257122,10.68064785003662,0.3476176329859161,0.7682549113427226,0.3976752460002899,1527.6795531580954,Track00913,train
0.14837228,0.0348100364208221,10.460164070129396,0.270824760620679,0.819450159586214,0.3107093274593353,1374.4289314874943,Track00523,train
0.26135886,0.0451253354549407,11.720197677612305,0.5012347353116218,0.6658435097922522,0.3590445816516876,1420.680895358109,Track01141,train
0.22784162,0.043005920946598,10.420503616333008,0.32667255904795,0.7822182939680333,0.3911443650722503,1632.865524543838,Track00872,train
0.22550206,0.0450709573924541,12.513474464416504,0.3356685354876612,0.7762209763415592,0.3841873109340668,1529.4142627665408,Track00040,train
0.15916026,0.0396622456610202,9.99350643157959,0.3599866969009827,0.7600088687326783,0.3706821501255035,1173.827621712897,Track00448,train
0.19031261,0.0427929386496543,14.945478439331056,0.2931932735107338,0.8045378176595108,0.3603634238243103,1660.7767579736103,Track00903,train
0.22291355,0.0439565666019916,11.236963272094728,0.4098083434286956,0.7267944377142028,0.4030090272426605,1663.139842237777,Track00458,train
0.17795645,0.0394898429512977,10.03098964691162,0.4168953212094931,0.722069785860338,0.3123914897441864,1632.1107512248009,Track01149,train
0.38146037,0.0550979822874069,12.556142807006836,0.2464939116301626,0.8356707255798915,0.4296882748603821,2177.974244667421,Track00878,train
0.11243473,0.0323248356580734,8.220678329467773,0.3736040381064707,0.7509306412623529,0.3276064991950989,1322.7070679579178,Track00467,train
0.11950943,0.0310462694615125,10.427735328674316,0.3079065196780645,0.7947289868812903,0.3267545998096466,1545.0461464750954,Track00211,train
0.28529477,0.0479816757142543,10.635225296020508,0.3979250803223664,0.7347166131184224,0.3679945468902588,1683.8532996406886,Track01035,train
0.19329037,0.0452577322721481,12.148026466369627,0.250302768612435,0.83313148759171,0.4126330018043518,1188.5398039866657,Track00092,train
0.20816109,0.0433931723237037,11.453207969665527,0.2942200755464734,0.8038532829690177,0.3819668292999267,1024.7383339084258,Track01318,train
0.002832251,0.0198404118418693,11.20431423187256,0.6449476512277079,0.570034899181528,0.2710628807544708,750.6060283655717,Track00629,train
0.27004007,0.0544342435896396,9.501419067382812,0.2441669929908599,0.8372220046727601,0.4652450680732727,1511.6415661155568,Track01008,train
0.14634524,0.0229221321642398,7.737500190734863,0.2916290464997699,0.80558063566682,0.192147895693779,1147.709937721416,Track01199,train
0.3436088,0.0376768894493579,10.29347801208496,0.2551300557157304,0.829913296189513,0.4639091491699219,1599.609692310617,Track00471,train
0.17438363,0.032589741051197,11.830195426940918,0.4394258820778157,0.7070494119481228,0.2364583015441894,1559.4012141885685,Track00175,train
0.26498216,0.0463441051542758,10.738405227661133,0.2780055439769436,0.8146629706820376,0.398242175579071,1701.0145766679157,Track00282,train
0.109929614,0.0339734256267547,6.375247955322266,0.3254831903776003,0.7830112064149332,0.3587711453437805,1323.1552860919903,Track01195,train
0.19689636,0.0432726666331291,7.886363983154297,0.2521594810109474,0.8318936793260351,0.3964579701423645,2026.1202088259888,Track00295,train
0.11779118,0.0336942449212074,10.678104400634766,0.3060841080618293,0.7959439279587804,0.2753781080245971,1307.5365680154548,Track00274,train
0.094885215,0.0278755147010087,8.881270408630371,0.2167597844332538,0.8554934770444974,0.3032079339027405,1751.6378443356496,Track00065,train
0.088306926,0.0311353988945484,9.62474250793457,0.3674865583040041,0.755008961130664,0.476616621017456,938.6132068589792,Track00139,train
0.093882486,0.0360581316053867,11.90942096710205,0.2688043850633778,0.8207970766244148,0.3115906715393066,1341.689664639239,Track01075,train
0.23623429,0.0560043267905712,9.344843864440918,0.3359329920893438,0.7760446719404375,0.3856672048568725,1573.7957468579248,Track00298,train
0.19818874,0.0455362796783447,6.557059288024902,0.3768576240785703,0.7487615839476198,0.3831355571746826,1684.527359188647,Track00832,train
0.12201467,0.0397341512143611,10.833942413330078,0.1433138770866708,0.9044574152755528,0.4314490556716919,1506.8290359953576,Track00996,train
0.16177215,0.0232787225395441,9.37867832183838,0.5471948169744087,0.6352034553503942,0.3358470201492309,1416.996481973568,Track00545,train
0.12220194,0.0303415954113006,7.261820793151855,0.4442675066742625,0.7038216622171583,0.2416895776987075,1308.124243911066,Track01315,train
0.24328907,0.0353617221117019,8.919361114501953,0.2827451452093607,0.8115032365270929,0.4357468485832214,1641.7986146325447,Track01279,train
0.14136551,0.0397156737744808,8.592823028564453,0.2505982984289862,0.8329344677140091,0.3271737992763519,1580.7052443944674,Track00532,train
0.1878845,0.041074201464653,15.299470901489258,0.3020870570450402,0.7986086286366398,0.3255336284637451,1567.9346812062977,Track00383,train
0.18285272,0.0347176305949687,6.3004655838012695,0.5561279224333412,0.6292480517111059,0.3465170562267303,1255.8021168455634,Track00182,train
0.08668711,0.032370027154684,7.535017013549805,0.2936234205555049,0.8042510529629967,0.2672006487846374,1433.507059216969,Track00321,train
0.2338103,0.0454974882304668,9.373193740844728,0.258133946536361,0.8279107023090927,0.4987284541130066,2252.6183008311327,Track00531,train
0.32537553,0.0524663664400577,10.089258193969728,0.322105692413205,0.78526287172453,0.3548819124698639,1434.7402286619238,Track00334,train
0.29750413,0.0616714395582675,11.43748378753662,0.2681076593939505,0.821261560404033,0.4672607481479645,1383.8995719782802,Track00399,train
0.21686311,0.0539398081600666,11.078479766845703,0.3577593012513648,0.7614937991657568,0.4443636536598205,1558.7047573400946,Track00249,train
0.13131648,0.0305039025843143,11.534615516662598,0.4468397242810889,0.702106850479274,0.2620965838432312,1192.3038631040145,Track00778,train
0.18459113,0.0447617694735527,13.02542209625244,0.2074667418793776,0.8616888387470816,0.423636645078659,1349.0812101880856,Track00768,train
0.26107976,0.0441949367523193,5.706271648406982,0.4523555480283399,0.6984296346477734,0.4520021677017212,1900.670632834889,Track00551,train
0.12056159,0.0406326912343502,10.54134464263916,0.212110531420215,0.85859297905319,0.370403915643692,1306.2021901588737,Track00814,train
0.24317713,0.0437426716089248,10.932355880737305,0.466147240129003,0.6892351732473313,0.4323596954345703,2424.163512446409,Track00286,train
0.23973905,0.0406228974461555,11.645626068115234,0.3716604291159219,0.7522263805893854,0.3393572270870209,1443.5462275475943,Track01051,train
0.1949671,0.0442960858345031,8.715490341186523,0.2331564900707758,0.8445623399528162,0.3445380926132202,2116.929396046833,Track01047,train
0.07364038,0.0230595413595438,4.298754692077637,0.5435296216485214,0.6376469189009857,0.2152778357267379,2240.4982788540283,Track01427,train
0.26529402,0.0486020036041736,14.9464111328125,0.5082440940409562,0.6611706039726959,0.3678795099258423,1416.270802858087,Track00174,train
0.17982392,0.0406072884798049,7.854822158813477,0.5321126449280167,0.6452582367146555,0.3041657507419586,1404.6118014782037,Track01221,train
0.24042603,0.041293516755104,10.608068466186523,0.3143871725238185,0.7904085516507877,0.370201051235199,1306.003460261055,Track00114,train
0.22497092,0.0566445775330066,10.976362228393556,0.2447640726143867,0.8368239515904088,0.4145750999450683,1495.4340606898745,Track00154,train
0.11960595,0.0439323782920837,8.976635932922363,0.3568146877116976,0.7621235415255349,0.2695585489273071,1152.8700453388112,Track00466,train
0.21295045,0.0508613027632236,7.98103141784668,0.2287535571997723,0.8474976285334851,0.4161348342895508,1429.430463698042,Track00668,train
0.2354983,0.053124688565731,6.605576992034912,0.3230913552635666,0.7846057631576222,0.3309418559074402,1293.5801964290945,Track01160,train
0.1959376,0.0532977543771266,8.80305004119873,0.4796636027715868,0.680224264818942,0.4151710867881775,1474.0661614940393,Track01092,train
0.22833721,0.0516535080969333,13.265710830688477,0.2456738997302084,0.836217400179861,0.453965961933136,1826.4309838224965,Track00202,train
0.3264284,0.0584126934409141,10.598682403564451,0.335883093978332,0.7760779373477786,0.4116969704627991,1703.986558449184,Track00535,train
0.20431975,0.0382142588496208,7.131103038787842,0.4984572634448769,0.6676951577034154,0.2945375740528106,1689.1222807698412,Track01065,train
0.25396568,0.0554665550589561,10.209604263305664,0.3875274603806239,0.7416483597462507,0.3418646156787872,1545.6313403692775,Track00166,train
0.15776546,0.0435802228748798,5.665911674499512,0.5734936900217189,0.6176708733188541,0.3829979598522186,1193.9799462770902,Track00506,train
0.16573371,0.0488336570560932,11.089550018310549,0.3557684572258692,0.7628210285160871,0.4004628956317901,1206.1325699799845,Track00269,train
0.1228351,0.0321829207241535,8.618888854980469,0.2690747067158736,0.8206168621894175,0.3949507772922516,1472.9359272412507,Track01185,train
0.192226,0.0496324375271797,6.100666046142578,0.5249318361882905,0.6500454425411397,0.3031455278396606,1103.5059015117884,Track00469,train
0.16540986,0.0318223498761653,11.365874290466309,0.5152427867698803,0.6565048088200798,0.2312203049659729,1553.3557568998644,Track00349,train
0.28257492,0.0531530380249023,10.170726776123049,0.4466453144162983,0.7022364570558011,0.4785628914833069,1328.227785614892,Track00950,train
0.16564743,0.0341380946338176,12.60832977294922,0.4701498294021659,0.686566780398556,0.3388038873672485,1301.2109594453743,Track01184,train
0.18174908,0.0438340529799461,8.830101013183594,0.3065462878203172,0.7956358081197885,0.3703819513320923,1241.2684479634552,Track00275,train
0.23205923,0.0498518757522106,8.661260604858398,0.350591735632682,0.7662721762448786,0.358659952878952,1318.657642812475,Track00622,train
0.21856393,0.0295791011303663,8.857375144958496,0.3648391953636076,0.756773869757595,0.3172517418861389,2667.221194284524,Track00984,train
0.1777061,0.0386592671275138,8.474715232849121,0.3232678792557212,0.7844880804961859,0.3551678657531738,2212.884143029325,Track01264,train
0.20341238,0.0412457659840583,12.813835144042969,0.3588470679871734,0.7607686213418844,0.3066527843475342,1954.0326465635176,Track00265,train
0.19406897,0.0314863882958889,7.41923189163208,0.3649032946511937,0.7567311368992041,0.315989077091217,1644.0448152024449,Track00573,train
0.15236084,0.0371421203017234,13.50159740447998,0.2643486097290802,0.8237675935139465,0.3117713332176208,1728.7339722476352,Track00420,train
0.06602485,0.0293562654405832,6.933682918548584,0.3202689601409806,0.7864873599060129,0.358188658952713,1075.3349635776112,Track00754,train
0.20938528,0.042158231139183,12.626875877380373,0.4300794896713263,0.7132803402191157,0.3218172490596771,1696.6633628213096,Track00519,train
0.20193222,0.0341898128390312,18.605478286743164,0.4204545886356971,0.7196969409095353,0.3328041136264801,1317.870033184466,Track00726,train
0.34434515,0.0516793057322502,12.419487953186035,0.2346513429388318,0.843565771374112,0.4306797087192535,1291.1283069418585,Track01193,train
0.23485202,0.0401049368083477,10.262211799621582,0.2411629483334552,0.8392247011110299,0.4111993908882141,1579.4230346204909,Track00901,train
0.13519908,0.0297455471009016,9.550986289978027,0.2742496136099547,0.8171669242600302,0.3347196877002716,1260.5311951408312,Track01057,train
0.34780565,0.0727138221263885,13.924165725708008,0.3356911995567457,0.7762058669621695,0.3845599591732025,1493.0811130533214,Track01004,train
0.15926732,0.030036112293601,13.800683975219728,0.306597536311822,0.7956016424587853,0.3335731029510498,1229.0934291221497,Track00952,train
0.22617605,0.0444498211145401,11.887815475463867,0.2859435968562183,0.8093709354291878,0.4103443324565887,1814.9820558112133,Track00276,train
0.27808505,0.0355913899838924,6.896683216094971,0.2442180474157124,0.837187968389525,0.3134698569774627,1974.9524212189845,Track01488,train
0.17286631,0.0309015810489654,11.924296379089355,0.2687259135008646,0.8208493909994236,0.3656527400016784,1289.3008629605506,Track01471,train
0.17600575,0.0558685548603534,6.272011280059815,0.3706146008186824,0.7529235994542117,0.3733915388584137,1777.3809162021762,Track01070,train
0.1657892,0.0436255894601345,12.827956199645996,0.3207387927947949,0.7861741381368034,0.3636241555213928,1184.6712327058983,Track00446,train
0.0075769755,0.0088802315294742,9.559070587158203,0.2306976397677483,0.8462015734881678,0.4802826642990112,1238.2124725214323,Track00489,train
0.15348834,0.0421489924192428,7.97993803024292,0.4657124388216825,0.689525040785545,0.357183963060379,1217.1846132763098,Track00819,train
0.2634782,0.0434613078832626,11.887166023254396,0.2686880466472303,0.8208746355685131,0.4198886454105377,2031.981762925956,Track01229,train
0.39013186,0.0580924078822135,9.193147659301758,0.301562099871959,0.7989586000853607,0.5325445532798767,1254.2188793272114,Track01254,train
0.113255456,0.0354904159903526,5.722843647003174,0.5807292229060936,0.6128471847292709,0.2989882826805115,963.6902809235402,Track00587,train
0.1591514,0.0345011912286281,11.347968101501465,0.2762448366216027,0.8158367755855982,0.3214873373508453,1854.457311222043,Track00443,train
0.20158052,0.0489001870155334,9.044268608093262,0.3109303109112314,0.792713126059179,0.4147142171859741,1383.1767349980494,Track00698,train
0.20632862,0.0409457795321941,9.517748832702637,0.332979267005241,0.778013821996506,0.3817322254180908,1576.5160771417122,Track00855,train
0.23340496,0.0366790667176246,11.101454734802246,0.3971713586620418,0.7352190942253054,0.3552244901657104,1858.3512976774573,Track00113,train
0.17612214,0.0446514338254928,12.471182823181152,0.2355975886289475,0.842934940914035,0.346890926361084,1437.867104003483,Track01037,train
0.08680838,0.0406464003026485,5.702310085296631,0.292230585200441,0.8051796098663726,0.2384675294160843,1025.188943962142,Track00415,train
0.23136823,0.0464256666600704,14.293341636657717,0.3143116478454824,0.790458901436345,0.3918498456478119,1413.504554183011,Track00004,train
0.22529286,0.0432339645922184,11.31531810760498,0.2724044679600235,0.8183970213599844,0.3357195258140564,1530.6009152201134,Track00677,train
0.22906993,0.046255350112915,11.577186584472656,0.3160110896554045,0.7893259402297303,0.416899174451828,1991.97431128831,Track01454,train
0.2100085,0.0445306040346622,12.530964851379396,0.2322780807174429,0.8451479461883714,0.4321156740188598,1550.2056641428003,Track00291,train
0.21487235,0.0465915687382221,10.38551425933838,0.4128298350218947,0.7247801099854034,0.3796834051609039,1973.5314310122703,Track01135,train
0.011162117,0.0250057335942983,11.529706001281738,0.337118282452554,0.775254478364964,0.4572943449020386,891.0424879785979,Track00501,train
0.49608657,0.0560119189321994,14.927291870117188,0.2484266190388639,0.8343822539740907,0.5650599598884583,1801.0558705476517,Track00119,train
0.08764238,0.028588380664587,8.341326713562012,0.4041943241943241,0.7305371172037839,0.240859717130661,862.373170227598,Track01178,train
0.14599867,0.0323505625128746,12.38677978515625,0.2885420835000666,0.8076386109999556,0.2962017059326172,1387.231658451635,Track00245,train
0.13967663,0.0370351150631904,8.65902328491211,0.2765595935343834,0.8156269376437444,0.3800801634788513,1442.767484504907,Track00692,train
0.11356313,0.0230416003614664,15.581570625305176,0.334228720343859,0.777180853104094,0.2421887516975402,1230.0650593461532,Track00078,train
0.14831573,0.0483910627663135,7.538623809814453,0.4539757065150709,0.6973495289899527,0.4631761908531189,2271.35933854521,Track01356,train
0.11247406,0.0344605781137943,8.442317008972168,0.2879919375157471,0.808005374989502,0.2483263611793518,1152.8799766607767,Track00568,train
0.1326517,0.0303010009229183,8.968268394470215,0.3705165945165944,0.752988936988937,0.3652351796627044,1271.9020294225231,Track01150,train
0.13512635,0.0401227064430713,6.570167064666748,0.385490272299396,0.743006485133736,0.312867522239685,1462.1684188371398,Track01053,train
0.1727031,0.027899308130145,13.307515144348145,0.2997259087994401,0.8001827274670399,0.3620940744876861,1548.0318792337073,Track00555,train
0.2571464,0.0459597446024417,11.323437690734863,0.3220793709387287,0.7852804193741809,0.3451230823993683,1297.62817947021,Track01002,train
0.1497382,0.0398075953125953,11.669279098510742,0.3130632486207189,0.7912911675861873,0.2914066910743713,1806.4047709076876,Track00363,train
0.15669762,0.0363475680351257,9.423974990844728,0.2587951954752133,0.8274698696831911,0.3160958588123321,1605.3452211783874,Track00410,train
0.10103569,0.0282906927168369,12.316391944885254,0.3835037670982372,0.7443308219345086,0.3167839050292969,1419.2709998426476,Track00940,train
0.22918534,0.035689890384674,10.709317207336426,0.471658546641125,0.6855609689059166,0.3472898006439209,1514.4230156084336,Track00201,train
0.21271606,0.039206214249134,10.873102188110352,0.4037176114890401,0.7308549256739733,0.3316600322723388,1311.9851892343877,Track00769,train
0.36872274,0.0423020012676715,9.31967830657959,0.3742419681737001,0.7505053545508665,0.5388960838317871,1936.631236175205,Track00178,train
0.18641113,0.0397743992507457,6.134596347808838,0.4174754346182918,0.7216830435878054,0.4066668152809143,1692.618857909607,Track00946,train
0.09641658,0.0258365459740161,9.079937934875488,0.5863399107054831,0.6091067261963445,0.2368826419115066,1141.8977989886396,Track00871,train
0.25903258,0.040628757327795,9.126875877380373,0.5584352838080784,0.6277098107946144,0.3976311683654785,1841.825370316948,Track01159,train
0.18255514,0.0297637153416872,6.6709418296813965,0.5043222302544996,0.6637851798303336,0.3963421881198883,1362.6939926113048,Track01332,train
0.37665227,0.0396480746567249,15.921003341674805,0.3963025527042501,0.7357982981971667,0.4344125688076019,1585.3759703195517,Track00578,train
0.1846038,0.0387063957750797,12.528504371643066,0.3819569087135397,0.7453620608576401,0.3404699862003326,1113.0006961891931,Track00109,train
0.18942201,0.0454598814249038,11.162386894226074,0.3256936495938763,0.7828709002707491,0.3868629932403564,1938.389941966718,Track01355,train
0.23243009,0.0465008877217769,11.010150909423828,0.4013666904133317,0.7324222063911122,0.3322755992412567,1292.555571505641,Track00839,train
0.18076152,0.0504109375178813,12.081666946411133,0.1295508149322296,0.9136327900451804,0.5021885633468628,1416.126348322834,Track01006,train
0.0017452261,0.0225945021957159,12.913716316223145,0.3341359453288761,0.7772427031140826,0.4349859952926636,481.1836878555578,Track00385,train
0.19984809,0.0414145030081272,13.17977523803711,0.3208575551432694,0.7860949632378204,0.3363035023212433,1561.5888947730857,Track01397,train
0.16565791,0.0386062525212764,16.111286163330078,0.4640305222618147,0.6906463184921234,0.2685055732727051,1195.1175262061176,Track00684,train
0.21924786,0.0512695908546447,10.248123168945312,0.228456081417911,0.8476959457213926,0.3746424913406372,1722.182627724017,Track00396,train
0.13067968,0.0315550565719604,10.597237586975098,0.2824887530769884,0.811674164615341,0.3770132958889007,1516.5758670246694,Track00752,train
0.22439896,0.0466462671756744,15.136171340942385,0.3362003105974579,0.7758664596016948,0.3792695105075836,1008.4055628611184,Track01480,train
0.16316807,0.033869307488203,15.736074447631836,0.2350273625745324,0.8433150916169784,0.3220370411872864,1369.9712593780994,Track00084,train
0.19048436,0.0323238372802734,9.39761447906494,0.3419385342789598,0.7720409771473601,0.2819201946258545,1624.8523234294914,Track01303,train
0.19047426,0.0377829633653163,7.873034477233887,0.3955759841474128,0.7362826772350581,0.2863875329494476,1341.4716303251096,Track01485,train
0.34726495,0.0517149791121482,7.921872138977051,0.2937539625181157,0.8041640249879228,0.4847907721996307,1402.507719911483,Track01458,train
0.1368518,0.0325599052011966,9.417059898376465,0.4690332240468728,0.6873111839687515,0.2527100145816803,1303.8733315784789,Track00461,train
0.09092632,0.03255620226264,6.228153228759766,0.4868742566208873,0.6754171622527418,0.2438457012176513,1598.2592629410065,Track00338,train
0.25194183,0.0424447059631347,11.239108085632324,0.2914581430745814,0.8056945712836123,0.4009153842926025,1321.876155401059,Track00216,train
0.1539908,0.0386452935636043,10.930599212646484,0.4313982619028816,0.7124011587314123,0.3219774961471557,1414.047713760748,Track00333,train
0.17734542,0.0336418859660625,14.839860916137695,0.2914180190594756,0.8057213206270163,0.2834114134311676,1761.8783430370293,Track00808,train
0.16445866,0.0235060453414917,12.345699310302734,0.3961929317694365,0.7358713788203757,0.3307411670684814,1602.2504553028518,Track01359,train
0.11378622,0.0247364751994609,6.54356050491333,0.3656208243583659,0.7562527837610894,0.2363475710153579,1486.650434839188,Track01386,train
0.11179433,0.0273287612944841,8.62671947479248,0.3578683500297333,0.7614210999801778,0.2176446169614792,1322.5973700272689,Track01217,train
0.18100275,0.0374058112502098,11.397971153259276,0.3960640913021865,0.735957272465209,0.3897152245044708,1638.7854268169383,Track01125,train
0.2904514,0.0371214374899864,9.4910888671875,0.3443243783389061,0.7704504144407293,0.4559453129768371,1892.12074667164,Track00252,train
0.22768036,0.0356687046587467,10.675420761108398,0.4780496117638974,0.6813002588240684,0.3307664692401886,1565.0212467293657,Track00657,train
0.27923313,0.0312892496585845,8.33441162109375,0.4898234736932748,0.6734510175378168,0.4312712550163269,1719.9342238316146,Track00783,train
0.26059568,0.0500627271831035,8.033368110656738,0.4211800160924585,0.7192133226050277,0.5740598440170288,1837.467228131342,Track01005,train
0.17491186,0.0422345660626888,8.926569938659668,0.3406371236378415,0.7729085842414389,0.4078627824783325,1349.644903555928,Track00344,train
0.17346524,0.0362538509070873,10.786084175109863,0.4318459437553418,0.7121027041631054,0.379531592130661,2164.219978588206,Track00527,train
0.24068667,0.0563332438468933,8.061834335327148,0.2234057956835658,0.8510628028776228,0.4440270662307739,1682.8077483702143,Track00782,train
0.22817189,0.0427880883216857,14.483478546142578,0.3343673469387755,0.7770884353741496,0.2789753973484039,1691.6625667094029,Track00341,train
0.12489086,0.0344347022473812,10.60515308380127,0.2866862350829346,0.8088758432780436,0.2372529208660125,1847.7701417551496,Track01136,train
0.22191504,0.0267052557319402,14.104066848754885,0.4023477093102613,0.731768193793159,0.3548798859119415,1638.3977631037983,Track00755,train
0.26940462,0.0536946952342987,10.607792854309082,0.2462151947866233,0.8358565368089177,0.4867596626281738,1430.873601027011,Track01097,train
0.10654141,0.0279368292540311,11.193248748779297,0.275752000281978,0.816165333145348,0.4183173477649688,1398.0003101138589,Track00144,train
0.121292986,0.032078955322504,7.877179622650146,0.4722044493473065,0.6851970337684623,0.3076750934123993,1495.086963175727,Track00538,train
0.2532372,0.0436094962060451,10.905570030212402,0.2844377949728955,0.810374803351403,0.4263149499893188,1447.9954020024545,Track00354,train
0.17628346,0.0339575596153736,14.231568336486816,0.3863331920305214,0.742444538646319,0.3036965429782867,1482.200466476323,Track00562,train
0.16831575,0.0398069210350513,8.313787460327148,0.537835696527607,0.6414428689815954,0.300709456205368,1677.512209796942,Track00658,train
0.21265411,0.0536526665091514,10.28705883026123,0.3114512047809778,0.7923658634793481,0.410677433013916,1766.1987217224166,Track01108,train
0.26268673,0.0447399169206619,8.702974319458008,0.239110509290604,0.840592993806264,0.4220269322395324,1588.4821554350108,Track00900,train
0.14448452,0.0328323282301425,8.23080062866211,0.5361924142876523,0.6425383904748985,0.2818833589553833,1340.1318657747604,Track01434,train
0.12539169,0.0289864130318164,7.910860538482666,0.3942993694653002,0.7371337536897999,0.3175016343593597,1308.5010170488165,Track00235,train
0.22843996,0.0361454077064991,11.996745109558104,0.4277779073534175,0.714814728431055,0.3096829950809479,1698.891683840292,Track01281,train
0.29237205,0.0393988192081451,14.796771049499512,0.2606941574983903,0.8262038950010732,0.4522560536861419,1960.93067456547,Track00013,train
0.112537995,0.0299913771450519,13.025845527648926,0.184485371384326,0.8770097524104493,0.4368742704391479,1683.9686465348063,Track00382,train
0.2776845,0.0225615799427032,14.630786895751951,0.2611836095940724,0.8258775936039517,0.400121659040451,1560.0322684199707,Track00576,train
0.22464317,0.0367254726588726,10.710729598999023,0.262684640318295,0.82487690645447,0.3603654503822326,1782.1756734010949,Track00074,train
0.40975568,0.0624763332307338,14.380209922790527,0.3315957999540846,0.7789361333639435,0.4797297418117523,1670.2937517031448,Track01360,train
0.119263776,0.0273965336382389,10.241942405700684,0.4615412523983952,0.6923058317344032,0.274068534374237,893.751220792234,Track01112,train
0.2134483,0.0481594204902648,14.085980415344238,0.3201065960307427,0.7865956026461716,0.4605726301670074,1410.5041928703151,Track00289,train
0.0004937055,0.0114128915593028,11.572381973266602,0.6113723254664996,0.5924184496890004,0.305386871099472,621.7893774224818,Track00157,train
0.24124557,0.044765580445528,9.571250915527344,0.3625461393596986,0.7583025737602009,0.406339168548584,1515.9357586566684,Track00207,train
0.18158649,0.0402098558843135,5.705053806304932,0.3381239085672583,0.7745840609551611,0.3701280355453491,1231.4426750577811,Track01031,train
0.19248386,0.0412362292408943,6.77984094619751,0.3402267573696145,0.7731821617535903,0.3877057433128357,1696.464128216296,Track01050,train
0.25555253,0.0573571175336837,7.94245719909668,0.2997314361503811,0.8001790425664126,0.4584689438343048,1159.223437943515,Track00192,train
0.32261366,0.0680104494094848,7.816159725189209,0.3400225294418842,0.7733183137054105,0.4863990247249603,1384.04329296246,Track00281,train
0.20355505,0.0569360367953777,9.68577766418457,0.3133990242561671,0.7910673171625553,0.4265539944171905,1257.3900170846437,Track00345,train
0.14635485,0.0294348951429128,5.651870727539063,0.3590441304727019,0.7606372463515321,0.2793111503124237,1211.8129067126554,Track00431,train
0.0673312,0.0051008188165724,12.710471153259276,0.38140800506249,0.7457279966250066,0.1888246834278106,1847.8159633365065,Track01049,train
0.22562763,0.0421091206371784,8.317169189453125,0.3470718331385417,0.7686187779076389,0.394052118062973,1663.72066145309,Track00101,train
0.15182763,0.0373091101646423,6.505100727081299,0.4891444460996077,0.6739037026002614,0.3353323340415954,1574.3546360592577,Track01041,train
0.34853482,0.0554526410996913,13.33234977722168,0.2001486499520575,0.8665675666986283,0.4642464816570282,1944.6407224194677,Track00243,train
0.1841912,0.0449227839708328,9.259056091308594,0.3801781615741172,0.7465478922839219,0.4169452786445617,1259.4597734032554,Track00050,train
0.26953515,0.0271256696432828,7.862077236175537,0.6327310617901427,0.5781792921399049,0.4787924289703369,1913.642116291881,Track00111,train
0.185932,0.0343961603939533,11.90023422241211,0.4661179321436964,0.6892547119042023,0.2958727777004242,1241.100231798967,Track01201,train
0.23800631,0.0389615222811698,8.844486236572266,0.597893605758215,0.6014042628278566,0.3607625067234039,1392.95727625807,Track00898,train
0.1378952,0.0424342937767505,11.121431350708008,0.2429879611683283,0.8380080258877811,0.3435802757740021,1909.5718021194275,Track00807,train
0.18340757,0.0474694743752479,13.480006217956545,0.2561715644422411,0.8292189570385059,0.3193054497241974,1124.0005673815672,Track00853,train
0.09587204,0.0371826402842998,7.056416988372803,0.1945637005531927,0.8702908662978716,0.4392697215080261,1838.7445579798537,Track00729,train
0.23225197,0.0441548526287078,12.61971664428711,0.1835492153948312,0.8776338564034458,0.3712864518165588,1982.2041421387344,Track01393,train
0.3570844,0.0516847819089889,12.062021255493164,0.2819954648526077,0.8120030234315949,0.4153916239738464,1348.720686382201,Track01367,train
0.31773934,0.0597022995352745,6.703831195831299,0.2662670321860087,0.8224886452093275,0.4650205969810486,1415.3711407439364,Track01399,train
0.1260071,0.039003912359476,9.522274017333984,0.6447766214653631,0.5701489190230913,0.2753124535083771,1379.0862213791474,Track00589,train
0.15466012,0.0444222465157508,9.882386207580566,0.2703031416432075,0.819797905571195,0.3076609373092651,1749.5511371393704,Track00263,train
0.09245292,0.0262349359691143,7.083049297332764,0.6057579670206138,0.5961613553195908,0.240495964884758,1218.372163328008,Track00582,train
0.19036248,0.0421591401100158,11.294388771057127,0.3013580348918695,0.7990946434054204,0.3716739416122436,1482.7357557044563,Track00779,train
0.18790509,0.0377953052520751,9.688057899475098,0.313338349636318,0.7911077669091213,0.2789833843708038,1488.2272129389778,Track01413,train
0.30964562,0.0662994384765625,9.585859298706056,0.2563884411191202,0.8290743725872531,0.485593169927597,1658.7221529933147,Track00993,train
0.1396401,0.0412319712340831,7.232840061187744,0.3704756809090677,0.7530162127272881,0.3610500693321228,1239.6276867295312,Track00985,train
0.16299203,0.0441448502242565,10.821209907531738,0.3236189905731684,0.7842540062845543,0.3425567150115967,1204.88952867713,Track00746,train
0.1343113,0.0243498999625444,7.225751399993896,0.6557941348824174,0.5628039100783884,0.2497152239084243,1193.6316958712157,Track00745,train
0.18011095,0.0434274896979332,11.95284366607666,0.5294149659863946,0.6470566893424037,0.3287045657634735,1405.7181210099889,Track00876,train
0.19060212,0.0391861647367477,9.22107219696045,0.3022632357290742,0.7984911761806172,0.3721296191215515,1565.5209320674635,Track01203,train
0.32844603,0.0473866686224937,12.950617790222168,0.3131857404573736,0.7912095063617509,0.4359456896781921,1754.474722843423,Track01126,train
0.24282163,0.0477947145700454,12.111892700195312,0.3159856185820335,0.789342920945311,0.3613103628158569,1155.7549843073464,Track01288,train
0.12955734,0.0350410975515842,5.652074337005615,0.4122121804696722,0.7251918796868853,0.3201050162315368,1938.873973849909,Track01418,train
0.35164958,0.0231982711702585,7.932360649108887,0.2382645915870777,0.8411569389419482,0.5250463485717773,1880.2286867736975,Track00313,train
0.25527796,0.0507612004876136,12.775046348571776,0.2734257159653985,0.817716189356401,0.4446007907390594,1403.9864860310852,Track01084,train
0.263198,0.055834986269474,8.140239715576172,0.2204612176528903,0.8530258548980731,0.5054302215576172,1564.4321418576103,Track00309,train
0.1396686,0.0276727993041276,9.566213607788086,0.5308985850168675,0.646067609988755,0.3332358598709106,1434.7985783390438,Track00852,train
0.38846752,0.0430171936750412,8.106613159179688,0.2494870576307702,0.8336752949128199,0.4975133240222931,1930.9827167899184,Track00601,train
0.2953847,0.0378841161727905,13.339838981628418,0.3435693289661544,0.7709537806892304,0.3830251097679138,1597.9149221045534,Track00835,train
0.28639197,0.0485796891152858,11.447481155395508,0.2144391128809247,0.8570405914127168,0.507373571395874,1520.97141251977,Track00306,train
0.16865046,0.0443773344159126,10.540444374084473,0.2523918729777224,0.8317387513481851,0.4153654873371124,1587.6084351608704,Track00723,train
0.18363917,0.0446971617639064,9.120190620422363,0.9935696383816685,0.3376202410788876,0.3663142919540405,1628.6667613880038,Track00389,train
0.119302414,0.0413846150040626,6.315531253814697,0.2614489921198682,0.8257006719200879,0.462032288312912,1070.9669891281085,Track00614,train
0.14337525,0.0279106236994266,12.22954559326172,0.3628214342215292,0.7581190438523139,0.2582712769508362,1407.27564991934,Track00570,train
0.23431551,0.0481545366346836,8.543704986572266,0.4047212390491252,0.7301858406339166,0.462256371974945,1538.3841222306958,Track00229,train
0.14975187,0.0330663211643695,6.9370856285095215,0.4996312181531581,0.6669125212312279,0.25916188955307,1476.3827817485528,Track00665,train
0.20502996,0.0489577278494834,6.400653839111328,0.3022464096749811,0.7985023935500126,0.4378420710563659,1765.18290903332,Track01115,train
0.2727795,0.0452443175017833,8.400949478149414,0.5364343998468953,0.6423770667687365,0.5127829313278198,2250.958418707485,Track00314,train
0.15343878,0.0328836478292942,10.168586730957031,0.3260729289074319,0.7826180473950454,0.3144952356815338,1329.0695198443425,Track00434,train
0.1719822,0.0441098697483539,9.319398880004885,0.4160128716853863,0.7226580855430758,0.3775278925895691,1452.3906677676987,Track00836,train
0.19596177,0.02559420093894,9.3238525390625,0.3555468445881755,0.7629687702745497,0.3373397886753082,1203.4045842193311,Track00888,train
0.16646047,0.0432499349117279,10.301456451416016,0.313469387755102,0.7910204081632654,0.3486703932285309,1319.152822229654,Track00196,train
0.23944966,0.0451541431248188,16.666301727294922,0.3551090179661608,0.7632606546892261,0.3720168471336365,1089.9041988033473,Track00046,train
0.14303552,0.0366283059120178,7.3036675453186035,0.3454267480187951,0.7697155013208032,0.3931584358215332,1313.2771617211888,Track00813,train
0.14522542,0.0335718505084514,12.670916557312012,0.2812244897959184,0.8125170068027211,0.3271140456199646,1468.4356242052668,Track00150,train
0.17040145,0.0438031181693077,8.243205070495605,0.3839585357952705,0.7440276428031529,0.261591374874115,1511.2087195900608,Track00561,train
0.14378078,0.032105341553688,5.786465644836426,0.8513159968479117,0.4324560021013922,0.3292548358440399,1174.84763121638,Track00881,train
0.24760458,0.043583407998085,9.927166938781738,0.3041853481630343,0.7972097678913105,0.4565772414207458,1215.82520425523,Track00083,train
0.3126326,0.0417787916958332,11.875234603881836,0.2730177825516171,0.8179881449655886,0.4787191748619079,1484.3694142643724,Track00287,train
0.16134532,0.0356551818549633,11.236227989196776,0.4138848748609176,0.7240767500927217,0.3230312466621399,1535.601131181641,Track01301,train
0.18303548,0.0420522093772888,6.916868209838867,0.3332665896547298,0.7778222735635134,0.3646575808525085,1363.8542256989226,Track00075,train
0.17785296,0.0519944615662097,8.623381614685059,0.1461365953109072,0.902575603126062,0.4401835203170776,1345.44572599537,Track01351,train
0.124140084,0.0438886284828186,11.013945579528809,0.1961810025630382,0.8692126649579744,0.2756566703319549,2005.6153957105569,Track00712,train
0.22459766,0.0489140525460243,13.534408569335938,0.2348539919112298,0.8434306720591801,0.3891182839870453,1975.950142656941,Track01250,train
0.469367,0.0603382401168346,15.800959587097168,0.2547120378800777,0.8301919747466149,0.5607500672340393,2131.535776771327,Track00701,train
0.09482844,0.0297361072152853,13.044151306152344,0.2744306160764357,0.8170462559490428,0.2018585950136184,1013.2431917417192,Track00375,train
0.26503617,0.0295687839388847,10.963208198547363,0.3256796088049732,0.7828802607966845,0.4350887835025787,1669.61516765317,Track00005,train
0.13533145,0.028003504499793,8.62506103515625,0.2311989075556558,0.8458673949628961,0.3705101609230041,1155.5548887568182,Track00831,train
0.17236875,0.039331167936325,10.318087577819824,0.4325515404938733,0.7116323063374177,0.3006697595119476,1464.6945932738315,Track00549,train
0.27013826,0.0481609068810939,9.859729766845703,0.3518565855073792,0.7654289429950806,0.4431260824203491,1862.7905394247143,Track00053,train
0.16091026,0.0465096309781074,7.582918167114258,0.6725526785154116,0.5516315476563922,0.2856243252754211,1317.9252487955814,Track00442,train
0.13050775,0.0318423099815845,9.09749698638916,0.287277681860886,0.808481545426076,0.2991439402103424,1679.3081865679562,Track00136,train
0.19263588,0.0479751601815223,9.731358528137209,0.3986695554242483,0.7342202963838345,0.394245445728302,1490.3434031504164,Track00753,train
0.17983566,0.0493794083595275,10.308859825134276,0.3200854344877669,0.7866097103414887,0.3535374999046325,1293.6581398972107,Track00183,train
0.1852645,0.0456874333322048,9.992630958557127,0.357385388938184,0.7617430740412107,0.3886153399944305,1592.03157896792,Track01059,train
0.23648609,0.0400306992232799,7.955406188964844,0.2419369468217394,0.8387087021188404,0.460304319858551,1346.8788749891658,Track00254,train
0.24808882176876068,0.0512814000248909,8.095874786376953,0.2553590325018896,0.8297606449987402,0.3641509711742401,1279.2318219127642,Track00526,train
0.20753714442253113,0.03941727429628372,11.60741138458252,0.41241805813234383,0.7250546279117708,0.42454108595848083,1627.260479860184,Track01379,train
0.11020182073116302,0.032136425375938416,9.552289962768555,0.42193974732750245,0.7187068351149983,0.28933537006378174,1825.3844836722521,Track00892,train
0.13293708860874176,0.03542615845799446,8.581710815429688,0.3242567958357432,0.7838288027761712,0.30803340673446655,1505.3729247704148,Track00606,train
0.001068362034857273,0.015117023140192032,5.204556941986084,0.312610066598818,0.7915932889341213,0.3673352599143982,604.1259708025427,Track00749,train
0.2745947539806366,0.05699487030506134,11.86486530303955,0.2613161475116362,0.8257892349922425,0.44593462347984314,1050.540924597069,Track00743,train
0.16215014457702637,0.036468252539634705,10.398344993591309,0.2770981600913574,0.8152678932724284,0.3662353754043579,1395.307612540315,Track00803,train
0.14034387469291687,0.03127371147274971,9.802539825439453,0.3236301307393045,0.7842465795071303,0.29793718457221985,1601.7163798440718,Track00864,train
0.2062903642654419,0.04379471391439438,10.4605712890625,0.2709877261432889,0.819341515904474,0.38916948437690735,1349.701040384942,Track01167,train
0.11997602134943008,0.030781280249357224,6.477912902832031,0.3678894883623948,0.7547403410917368,0.2972405254840851,1480.362267787077,Track00710,train
0.1813380867242813,0.04139037802815437,8.218546867370605,0.33253205794690505,0.7783119613687299,0.3425268232822418,1437.7495005361598,Track00009,train
0.05389190465211868,0.03015279769897461,6.173706531524658,0.3354123916739051,0.7763917388840633,0.2683362662792206,1337.3167670026066,Track00172,train
0.04616332799196243,0.02858281321823597,7.943733215332031,0.5431795083624847,0.6378803277583436,0.40871939063072205,1308.8312834467997,Track00369,train
0.22639797627925873,0.03037429228425026,7.451641082763672,0.3687819626495585,0.7541453582336277,0.452447772026062,2034.6242987384605,Track01146,train
0.12035661935806274,0.028819045051932335,8.76667308807373,0.26548311784192186,0.8230112547720521,0.370924711227417,1759.2764967121634,Track00227,train
0.18639805912971497,0.03619076684117317,13.023323059082031,0.3005840720126434,0.7996106186582377,0.3230869472026825,1719.093590462945,Track01452,train
0.11323200166225433,0.028278077021241188,13.034257888793945,0.28155041219597654,0.8122997252026823,0.2959030270576477,1252.0438091932074,Track00577,train
0.2851990759372711,0.04981912299990654,11.445045471191406,0.2841397011215924,0.810573532585605,0.4381267726421356,1485.4675822731763,Track00911,train
0.2023129165172577,0.036872733384370804,10.645493507385254,0.23972026834026025,0.8401864877731599,0.42250943183898926,1405.8239396442957,Track00397,train
0.208578959107399,0.0395185612142086,9.47645378112793,0.2723390742146603,0.8184406171902264,0.3487998843193054,1358.9157476607302,Track01165,train
0.18890824913978577,0.051910400390625,8.534707069396973,0.2435897464609987,0.8376068356926676,0.36169248819351196,995.9546061143377,Track00303,train
0.19678092002868652,0.03717442601919174,13.738909721374512,0.24678999560023013,0.8354733362665132,0.3795150816440582,1333.834909305732,Track00052,train
0.2329113781452179,0.0399390272796154,10.991530418395996,0.31224571405254475,0.7918361906316368,0.3871024549007416,1552.9953394453687,Track00543,train
0.2765663266181946,0.05568047612905502,11.727289199829102,0.42775263393339197,0.7148315773777387,0.4556262493133545,2410.156261522106,Track00932,train
0.28735101222991943,0.05959651991724968,12.099662780761719,0.2985067966580572,0.8009954688946286,0.4064525067806244,1911.8925977709507,Track00805,train
0.17985060811042786,0.04356712847948074,12.261626243591309,0.2535114138364996,0.8309923907756669,0.27327659726142883,1764.6663208081097,Track00542,train
0.1389027088880539,0.02907055988907814,5.094566822052002,0.46969684961363184,0.6868687669242455,0.35739457607269287,1410.1703051373095,Track01382,train
0.21287988126277924,0.03924577310681343,11.557632446289062,0.2843426025380913,0.8104382649746058,0.4724031388759613,1690.3518528020109,Track00607,train
0.14222528040409088,0.03498021140694618,6.896668434143066,0.2113661288691301,0.8590892474205799,0.31333550810813904,1631.8687242853384,Track00073,train
0.06743928045034409,0.02090427093207836,8.896934509277344,0.6329925494007126,0.5780049670661915,0.20633114874362946,1203.9867857558452,Track01487,train
0.2197103649377823,0.03728330135345459,9.952537536621094,0.46337216622930905,0.691085222513794,0.3436579406261444,1380.9518171790926,Track00978,train
0.21676291525363922,0.030375655740499496,9.637167930603027,0.3539739453685482,0.7640173697543012,0.34429195523262024,1492.4552204054903,Track01324,train
0.0026660466101020575,0.018971530720591545,10.692831039428711,0.28742703388845686,0.8083819774076955,0.46176254749298096,598.9698911451803,Track00633,train
0.0025333520025014877,0.024304628372192383,6.862644672393799,0.41731774846218417,0.7217881676918771,0.36576372385025024,913.0248356521171,Track00377,train
0.17884904146194458,0.04621575400233269,6.722626686096191,0.7538830330667066,0.4974113112888623,0.41814836859703064,1172.5811489092432,Track01202,train
0.2799985408782959,0.03936406224966049,14.646010398864746,0.33874026005691577,0.7741731599620562,0.3681514263153076,1547.5265035664593,Track00624,train
0.41562241315841675,0.058339715003967285,10.919124603271484,0.25043584180274825,0.8330427721315011,0.45785731077194214,1228.3301145212636,Track00231,train
0.1293790191411972,0.03610261157155037,12.049040794372559,0.2332778725525298,0.8444814182983135,0.34661582112312317,1392.1209419026288,Track01274,train
0.1067332923412323,0.02524697408080101,7.4386067390441895,0.23051392171876908,0.8463240521874873,0.31705498695373535,1866.4997054437124,Track01077,train
0.16131345927715302,0.02008681185543537,5.762406826019287,0.3370806899538842,0.7752795400307438,0.30392754077911377,1029.3642161505963,Track00801,train
0.16130968928337097,0.035306286066770554,11.412625312805176,0.28919943515735325,0.8072003765617645,0.3436833918094635,1654.7687896799189,Track00870,train
0.18899381160736084,0.04369524493813515,15.036991119384766,0.4008891660795614,0.7327405559469591,0.2548198401927948,1077.395013032109,Track00423,train
0.1295151561498642,0.03205788508057594,12.229630470275879,0.20593810481939256,0.8627079301204049,0.38685426115989685,1585.5821274058464,Track01300,train
0.06939543038606644,0.02627825178205967,6.252427577972412,0.5365382949894537,0.6423078033403642,0.21490749716758728,1415.6671367307824,Track01128,train
0.16363993287086487,0.036905042827129364,8.76395034790039,0.35558493302854205,0.762943377980972,0.3637200891971588,1602.8435061622938,Track00905,train
0.20837953686714172,0.05125656723976135,8.820347785949707,0.3800051123479695,0.7466632584346871,0.3936401307582855,1837.7874664165233,Track00707,train
0.1974436342716217,0.040997497737407684,11.341053009033203,0.32178252941323404,0.7854783137245106,0.3428424894809723,1350.9611658501651,Track00440,train
0.15766064822673798,0.039339806884527206,12.684898376464844,0.35678276799570596,0.762144821336196,0.3173803985118866,1035.5319468124121,Track01405,train
0.2080882042646408,0.05119837075471878,9.135808944702148,0.25645004968279445,0.8290333002114704,0.4038313925266266,1037.6477139507822,Track00894,train
0.2717958390712738,0.05179320275783539,10.455767631530762,0.19788753171652798,0.868074978855648,0.4447912871837616,1335.2514586993402,Track00179,train
0.20712482929229736,0.03732798621058464,9.465258598327637,0.27458057608211656,0.8169462826119223,0.4096410274505615,1739.5339841642096,Track01437,train
0.16402405500411987,0.03835449367761612,9.91921615600586,0.6590164785260153,0.5606556809826564,0.328883558511734,1199.230213942387,Track00449,train
0.14320288598537445,0.041236042976379395,9.224848747253418,0.41404877355641995,0.72396748429572,0.3020191490650177,1407.5124165091395,Track00376,train
0.13948142528533936,0.046359505504369736,7.383520126342773,0.3407429955032861,0.7728380029978092,0.2925887703895569,1400.541996236757,Track00760,train
0.10106942802667618,0.02919839881360531,8.66891098022461,0.6404576709389955,0.5730282193740031,0.2704874873161316,1200.025757002635,Track00949,train
0.20006035268306732,0.03614801913499832,17.046037673950195,0.2951556284135695,0.8032295810576203,0.38063329458236694,1185.008218031583,Track00597,train
0.1943473070859909,0.037287481129169464,11.112483978271484,0.685314785090066,0.5431234766066226,0.288683146238327,1148.877048208125,Track01339,train
0.12384475022554398,0.031666774302721024,10.764274597167969,0.43430229617745936,0.7104651358816938,0.2835903763771057,1237.8213338460732,Track01285,train
0.16786088049411774,0.04426711052656174,10.7278470993042,0.3246937430567324,0.7835375046288451,0.383891224861145,1904.331981779388,Track00428,train
0.07004775106906891,0.03762942552566528,8.332189559936523,0.21383839291957607,0.8574410713869492,0.4209616780281067,1043.1062449312483,Track00069,train
0.25200745463371277,0.04587637633085251,9.660013198852539,0.2295257335257335,0.8469828443161777,0.4329087734222412,1749.7266939211252,Track00673,train
0.17341595888137817,0.03512153774499893,13.76557445526123,0.3068124724292447,0.7954583517138368,0.341992050409317,1622.4819947460694,Track01208,train
0.07603903114795685,0.02352076955139637,11.995796203613281,0.42389653364060065,0.7174023109062662,0.26036936044692993,1367.844290340935,Track01426,train
0.004330872558057308,0.02890872396528721,11.551875114440918,0.2543154319677351,0.8304563786881766,0.5079634189605713,725.0044593953505,Track00730,train
0.13973143696784973,0.03186722844839096,5.684638977050781,0.4847791970505229,0.6768138686329848,0.2837284803390503,1304.0895203009666,Track01236,train
0.1364944875240326,0.03794686868786812,14.710004806518555,0.20486257860118043,0.8634249475992131,0.38879650831222534,1550.9499213036152,Track00260,train
0.2654494643211365,0.04339988902211189,8.39933967590332,0.26145839043798225,0.8256944063746785,0.38782036304473877,2052.0484821056934,Track00126,train
0.10479959845542908,0.027626216411590576,8.576555252075195,0.4027446646528648,0.7315035568980901,0.23324377834796906,1247.5063096016645,Track00188,train
0.13326382637023926,0.021385548636317253,13.004999160766602,0.16963764102671278,0.8869082393155248,0.436343789100647,1652.7390972506455,Track01369,train
0.32969653606414795,0.049436476081609726,12.404446601867676,0.24031824622475562,0.8397878358501629,0.4435570240020752,1551.7483997589168,Track01073,train
0.6315416097640991,0.0398717075586319,13.269063949584961,0.29077715934858794,0.8061485604342747,0.5639219880104065,1892.9039252962739,Track00967,train
0.22563406825065613,0.03489463031291962,8.011656761169434,0.5167168568961755,0.6555220954025496,0.3531818687915802,1584.2481839144014,Track00210,train
0.1738807111978531,0.04579481482505798,10.801791191101074,0.49142054461902746,0.672386303587315,0.3675268590450287,1235.6818550987423,Track00496,train
0.23532748222351074,0.025640621781349182,9.90853500366211,0.2760958381906631,0.8159361078728913,0.3520287871360779,1378.5630494732754,Track00120,train
0.10528199374675751,0.025309080258011818,10.192864418029785,0.3489510232367375,0.7673659845088416,0.2376205325126648,1603.0751005589102,Track00020,train
0.1355954259634018,0.03929032012820244,12.07449722290039,0.3160560666408187,0.7892959555727875,0.3817764222621918,1495.9710408664412,Track00696,train
0.31551027297973633,0.05353391170501709,8.066624641418457,0.28636734693877547,0.8090884353741497,0.4899217486381531,1721.5751736590653,Track00477,train
0.3154909014701843,0.05550665035843849,11.770573616027832,0.20494133885438234,0.8633724407637451,0.5316703915596008,1544.70818959259,Track00312,train
0.20036697387695312,0.05326061323285103,7.598686695098877,0.31647012035583466,0.7890199197627769,0.3694987893104553,1191.2956496988072,Track01491,train
0.1929095983505249,0.03751668334007263,7.293188095092773,0.440102990691226,0.7065980062058493,0.30404216051101685,1822.611790231268,Track00880,train
0.13140103220939636,0.02947884239256382,13.228854179382324,0.23613580592054173,0.8425761293863056,0.2369156926870346,1733.394565676209,Track01362,train
0.19418257474899292,0.04911817982792854,9.721364974975586,0.4934982688727665,0.6710011540848224,0.3910435140132904,1588.014821780374,Track00417,train
0.16311851143836975,0.03674726560711861,7.0207343101501465,0.28971208492747264,0.8068586100483516,0.3473869264125824,1189.5979799214704,Track00510,train
0.11193995922803879,0.02746780402958393,5.705327033996582,0.8735361054249461,0.4176425963833693,0.31764793395996094,1717.4048203581192,Track00319,train
0.2110166847705841,0.041880927979946136,12.127998352050781,0.29814421768707483,0.8012371882086168,0.3334764838218689,1395.8229688954552,Track01102,train
0.19802038371562958,0.03307080641388893,10.73801326751709,0.2688322699680286,0.8207784866879809,0.39568325877189636,1514.743680667334,Track01375,train
0.14962945878505707,0.04071461036801338,7.8094401359558105,0.2987421437919777,0.8008385708053481,0.3425607681274414,1269.493415938304,Track00882,train
0.2050723135471344,0.035519544035196304,13.68366527557373,0.3366893424036281,0.7755404383975812,0.3599417209625244,1127.0345774005211,Track01262,train
0.36537501215934753,0.06806103140115738,12.11005973815918,0.25789838818410243,0.8280677412105983,0.4661293625831604,2205.200539614206,Track00475,train
0.19980110228061676,0.04232398793101311,6.462188720703125,0.43297359043868167,0.7113509397075455,0.34137874841690063,1672.2524141302708,Track00923,train
0.1774720549583435,0.05047246441245079,10.645733833312988,0.21307899104659048,0.857947339302273,0.35174426436424255,1814.1369162983508,Track01497,train
0.16016116738319397,0.02410757727921009,6.076833248138428,0.6869860775851558,0.542009281609896,0.33008965849876404,1711.7471840213202,Track01408,train
0.3674984574317932,0.06323977559804916,11.811137199401855,0.27701464979545676,0.8153235668030289,0.5198768377304077,1566.3554016083751,Track00907,train
0.20182162523269653,0.040790051221847534,12.008310317993164,0.34214508784543624,0.7719032747697092,0.37276995182037354,1664.9533276422096,Track00032,train
0.31510812044143677,0.048967909067869186,18.253019332885742,0.27362946556745005,0.8175803562883667,0.4186789095401764,1389.9773631252451,Track01457,train
0.15105125308036804,0.03811730071902275,11.171324729919434,0.192636884902581,0.871575410064946,0.3811458349227905,1271.1254402798986,Track00012,train
0.1463014781475067,0.03678874671459198,9.545650482177734,0.35883847390088724,0.7607743507327418,0.29894962906837463,1416.790176008285,Track00099,train
0.3144305944442749,0.0549599714577198,7.085494041442871,0.20272271782964682,0.8648515214469021,0.496404230594635,1483.6801298159828,Track01266,train
0.1174309253692627,0.02731698378920555,9.344606399536133,0.46655908875177976,0.6889606074988135,0.23667800426483154,1541.9423685985628,Track00976,train
0.1358155906200409,0.02776133269071579,12.260394096374512,0.40096015145414343,0.7326932323639044,0.27275142073631287,1586.1410879853029,Track00186,train
0.13417237997055054,0.022999662905931473,10.666415214538574,0.3410260371441711,0.7726493085705526,0.2410445362329483,1285.1982305053173,Track00854,train
0.15912845730781555,0.04437198489904404,13.6641263961792,0.3745608658798983,0.7502927560800678,0.31850361824035645,1290.9544410321964,Track01322,train
0.2100430727005005,0.048966553062200546,10.799468994140625,0.21450815246733615,0.8569945650217758,0.36852383613586426,1162.9305929267457,Track00734,train
0.19742046296596527,0.039562880992889404,10.354595184326172,0.4296594407591964,0.7135603728272024,0.33573371171951294,1373.4277687590134,Track00890,train
0.27146297693252563,0.055349912494421005,10.15908432006836,0.3604176147984004,0.7597215901343998,0.41035109758377075,2120.406130936469,Track00279,train
0.19371895492076874,0.03600184991955757,6.441476345062256,0.30765812342955196,0.7948945843802987,0.3479916453361511,1466.5482535825886,Track00472,train
0.3774167597293854,0.0528593435883522,15.027606964111328,0.21674125734950064,0.8555058284336663,0.4937044084072113,2259.263447543768,Track00798,train
0.1516868770122528,0.028557175770401955,9.79151725769043,0.5563771657530326,0.6290818894979782,0.31127268075942993,1273.8704962226918,Track01483,train
0.34001195430755615,0.0601189099252224,10.438797950744629,0.27356242389774776,0.8176250507348348,0.47524896264076233,1523.555975266466,Track00563,train
0.19701646268367767,0.041012104600667953,6.199373245239258,0.7675068880598835,0.488328741293411,0.34690502285957336,1110.903717865803,Track00098,train
0.20404976606369019,0.03671351447701454,7.318331241607666,0.3712527612671085,0.752498159155261,0.3040700852870941,1562.847462993667,Track00817,train
0.17730097472667694,0.03526734188199043,8.277305603027344,0.282043032196592,0.8119713118689387,0.3527965247631073,1567.111464675961,Track00583,train
0.22227272391319275,0.04261387512087822,10.248841285705566,0.3941600464826899,0.7372266356782067,0.3474729061126709,1577.5675361600813,Track00530,train
0.08144073188304901,0.026508519425988197,6.485441207885742,0.4097996482081929,0.7268002345278715,0.20757803320884705,1338.2887014766927,Track01124,train
0.15234296023845673,0.04148849844932556,10.138148307800293,0.3525699813014934,0.7649533457990044,0.3335134983062744,1529.2350960564079,Track00380,train
0.20372483134269714,0.05016016587615013,13.538702964782715,0.2835175975151965,0.8109882683232024,0.4822072684764862,1658.362122247851,Track00258,train
0.23444819450378418,0.03277327120304108,14.687111854553223,0.30990814299126346,0.7933945713391577,0.3896591067314148,1370.1597660869759,Track00180,train
0.21705150604248047,0.044643502682447433,8.823013305664062,0.2513333079973144,0.8324444613351237,0.3947710692882538,1475.4136220267162,Track00189,train
0.377197265625,0.036313023418188095,17.777244567871094,0.2544987098287591,0.8303341934474939,0.42958733439445496,2365.0791803201228,Track01104,train
0.2569252550601959,0.03206886351108551,9.748333930969238,0.23714292513607144,0.8419047165759523,0.443310409784317,2024.9975418092215,Track01190,train
0.25157713890075684,0.05161694437265396,14.226404190063477,0.3492010655394844,0.7671992896403438,0.47469550371170044,1535.5755536593852,Track00909,train
0.2511577606201172,0.05301565304398537,9.80085563659668,0.13351101569556623,0.9109926562029559,0.36923474073410034,1346.5808577756188,Track00970,train
0.0638287290930748,0.026483966037631035,7.252848148345947,0.5603431284537276,0.6264379143641816,0.21990714967250824,1660.7036691225508,Track01321,train
0.09925799816846848,0.03104124777019024,9.698148727416992,0.27552750309745894,0.8163149979350274,0.3771740794181824,1560.4988318275805,Track00285,train
0.2961614429950714,0.041329097002744675,8.889984130859375,0.25132401306979485,0.8324506579534701,0.44033733010292053,1308.6427020127035,Track01036,train
0.13902777433395386,0.04390627518296242,11.527405738830566,0.250321086270626,0.8331192758195827,0.3164462447166443,1452.3306861186982,Track01415,train
0.2749443054199219,0.043073419481515884,10.606402397155762,0.5181367022999677,0.6545755318000215,0.2816256880760193,884.7658124980719,Track01251,train
0.1512400060892105,0.03449027240276337,15.789874076843262,0.22737920146961738,0.8484138656869218,0.28261709213256836,1608.9511991444776,Track00492,train
0.2338544875383377,0.04365874454379082,8.88232707977295,0.19315591650836253,0.8712293889944249,0.43805140256881714,1818.9352725120666,Track00351,train
0.2668863832950592,0.0432160347700119,7.435433387756348,0.30574941317443904,0.7961670578837073,0.44250211119651794,1644.040594549596,Track00203,train
0.10867287218570709,0.03496420755982399,8.571876525878906,0.1871702598053317,0.8752198267964455,0.31279492378234863,1680.1074324907652,Track00594,train
0.11312348395586014,0.0414610430598259,13.362974166870117,0.27495197501522267,0.8166986833231848,0.3799883723258972,1258.2434486919271,Track00072,train
0.19766053557395935,0.036402273923158646,9.009316444396973,0.48042483090102134,0.6797167793993191,0.35078921914100647,1350.6150382375554,Track00588,train
0.463674932718277,0.03903515264391899,8.469486236572266,0.372017734941323,0.7519881767057847,0.5049041509628296,1360.4274363645177,Track00082,train
0.14289134740829468,0.033161599189043045,10.416155815124512,0.3389900595595245,0.774006626960317,0.26726290583610535,1429.0275498476196,Track00325,train
0.1940222680568695,0.03503899276256561,11.824973106384277,0.3710049082924309,0.7526633944717127,0.30362439155578613,1850.6102178478975,Track00213,train
0.2943180501461029,0.038296058773994446,14.856569290161133,0.29069515435668475,0.8062032304288769,0.37544992566108704,1701.1276396485541,Track00411,train
0.44706761837005615,0.05149824917316437,15.011741638183594,0.19363080825550558,0.8709127944963296,0.5375074744224548,2475.226974464918,Track01001,train
0.18731318414211273,0.03434392064809799,8.626058578491211,0.28542418936632313,0.8097172070891179,0.33026736974716187,1635.4965685749958,Track00834,train
0.2365499883890152,0.044456176459789276,8.889093399047852,0.21993518862090292,0.8533765409193981,0.431974321603775,1577.0432055286024,Track00304,train
0.28389695286750793,0.04600204899907112,10.191713333129883,0.28109091006904935,0.8126060599539671,0.3666800558567047,1340.3285077942805,Track00765,train
0.18046027421951294,0.048598796129226685,16.187353134155273,0.3011533065467903,0.7992311289688064,0.3610272705554962,1254.2165707664094,Track00463,train
0.25788798928260803,0.0534760020673275,11.278894424438477,0.2283077880571051,0.84779480796193,0.45002812147140503,1376.176159379502,Track00152,train
0.0016506594838574529,0.011494978331029415,6.300018310546875,0.34736267990623393,0.7684248800625108,0.3637375235557556,920.6481976406677,Track00792,train
0.21934574842453003,0.04976528510451317,8.736502647399902,0.31964152954629144,0.786905646969139,0.43838536739349365,1596.0050376756692,Track00190,train
0.11885369569063187,0.028335168957710266,10.981443405151367,0.393958380992515,0.7373610793383234,0.24949318170547485,1502.8877972853854,Track01048,train
0.21549810469150543,0.054973483085632324,13.487530708312988,0.27340678994602535,0.8177288067026498,0.41599753499031067,1530.3103336544912,Track00524,train
0.19964554905891418,0.03975604102015495,8.015608787536621,0.4998845974333875,0.666743601711075,0.3845314383506775,1346.2018570478135,Track01232,train
0.11643633246421814,0.02529689483344555,6.959384918212891,0.6545453714651267,0.5636364190232488,0.2541453242301941,1253.2087561376518,Track01277,train
0.2099570482969284,0.04256628453731537,11.562849044799805,0.24148752834467122,0.8390083144368858,0.3529970645904541,1598.1414422571852,Track01366,train
0.09873410314321518,0.03127429634332657,5.877885818481445,0.37924869993472604,0.7471675333768493,0.39718833565711975,1838.7313536204508,Track00869,train
0.19101819396018982,0.043511003255844116,10.3363037109375,0.47649734036916946,0.6823351064205536,0.27159079909324646,1485.8262557552823,Track01017,train
0.3208394944667816,0.041217733174562454,16.147201538085938,0.23915587131755153,0.8405627524549657,0.44031891226768494,1795.1955472773307,Track00413,train
0.13418366014957428,0.032149385660886765,8.06019401550293,0.29440444225254353,0.8037303718316376,0.3153223395347595,1301.2981894507095,Track00199,train
0.2798038125038147,0.04859382286667824,8.502937316894531,0.28344930353093617,0.8110337976460426,0.4499034583568573,1631.8851339130933,Track00511,train
0.16050325334072113,0.0395636186003685,11.103663444519043,0.2740569746662462,0.8172953502225025,0.3375973403453827,1781.8805549245224,Track00727,train
0.2971561849117279,0.04969089850783348,11.319684028625488,0.25593053177254393,0.8293796454849707,0.3716811239719391,852.2078607759179,Track00173,train
0.10799459367990494,0.03099874034523964,7.548598766326904,0.3689917031156923,0.7540055312562052,0.2850677967071533,1216.0453040969633,Track01376,train
0.2493540495634079,0.04802364856004715,11.83691120147705,0.32730953021509923,0.7817936465232672,0.3832782506942749,1812.3578758413846,Track00021,train
0.10727809369564056,0.033244263380765915,11.051826477050781,0.4663279070946803,0.6891147286035464,0.2444121390581131,1550.7523178223269,Track00979,train
0.17164716124534607,0.036900490522384644,10.658151626586914,0.3653521206462383,0.7564319195691744,0.25461283326148987,1573.039746745741,Track01245,train
0.29252955317497253,0.04619508609175682,11.212044715881348,0.3091405029293228,0.7939063313804514,0.4886399805545807,1450.0273226782178,Track00058,train
0.19969375431537628,0.062128353863954544,9.591480255126953,0.20588932060809537,0.8627404529279364,0.40593641996383667,1227.0569014328962,Track00955,train
0.1540212780237198,0.033633727580308914,8.88925838470459,0.8274110563765736,0.4483926290822843,0.3017314374446869,1477.774471316279,Track00122,train
0.19639894366264343,0.038361724466085434,10.964502334594727,0.2823968174774761,0.811735455015016,0.32812628149986267,1513.1133587706106,Track00027,train
0.1473666876554489,0.04304669797420502,8.092693328857422,0.166229842618584,0.889180104920944,0.35732877254486084,1898.6974912861156,Track00667,train
0.2532879412174225,0.05523069202899933,12.981195449829102,0.23838185941043086,0.8410787603930461,0.44027701020240784,2335.7042824725236,Track00986,train
0.3330085873603821,0.04424726963043213,7.512438774108887,0.2071620825848018,0.8618919449434654,0.46351876854896545,1818.1344082153657,Track01196,train
0.184519425034523,0.03226320073008537,3.964001178741455,0.5250289745527841,0.6499806836314772,0.30828002095222473,1622.4274863833746,Track01439,train
0.15852738916873932,0.04103776812553406,15.7366361618042,0.3501401228085115,0.7665732514609923,0.4370853006839752,1191.269133609057,Track00453,train
0.09115865081548691,0.031229514628648758,14.899310111999512,0.3605812571545231,0.7596124952303179,0.2560897171497345,1654.2705414344466,Track00051,train
0.03229039907455444,0.03278004005551338,15.1749906539917,0.2787876682587929,0.814141554494138,0.46679553389549255,1155.1388218941734,Track00103,train
0.2424900084733963,0.028048532083630562,9.735092163085938,0.204829418947066,0.8634470540352893,0.44786134362220764,2500.9806359129584,Track00208,train
0.14888252317905426,0.0386492945253849,9.416293144226074,0.24801499547187295,0.8346566696854181,0.3539610803127289,1179.4006628868547,Track01045,train
0.34295061230659485,0.07353471964597702,10.345726013183594,0.1849414102148796,0.8767057265234136,0.4697624742984772,1609.033871703421,Track00318,train
0.1928248107433319,0.03952121362090111,10.689055442810059,0.21736179529282978,0.8550921364714468,0.39404311776161194,1906.8329830062448,Track01389,train
0.12249314785003662,0.030532540753483772,10.098569869995117,0.3329267141913512,0.7780488572057659,0.26487046480178833,1252.2097133340048,Track00683,train
0.28629061579704285,0.052875783294439316,10.129715919494629,0.39836361302668577,0.7344242579822096,0.4483548402786255,1880.7853332184593,Track01188,train
0.2991844117641449,0.03958100453019142,15.833582878112793,0.35452730756385237,0.7636484616240984,0.41370582580566406,1554.3276332814073,Track00394,train
0.14382705092430115,0.03176878020167351,10.710107803344727,0.28702211089008406,0.8086519260732773,0.32930150628089905,1379.6565218873707,Track00370,train
0.19262152910232544,0.03773444518446922,9.208624839782715,0.2323022896474224,0.8451318069017184,0.3900717496871948,1351.5484061603963,Track01460,train
0.10837379097938538,0.027495186775922775,5.671825408935547,0.5294056593913451,0.6470628937391032,0.32068365812301636,1110.554634233282,Track00827,train
0.2675859034061432,0.047838762402534485,14.143814086914062,0.27247386490121833,0.8183507567325211,0.4742923080921173,1603.833286996411,Track00915,train
0.3432976007461548,0.051509708166122437,14.365659713745117,0.25271653666049365,0.8315223088930043,0.45473524928092957,1399.7715261717865,Track00024,train
0.3327207565307617,0.05502370372414589,12.662505149841309,0.23755379485127381,0.8416308034324841,0.44330093264579773,1408.437065936567,Track00781,train
0.2386123389005661,0.05186516419053078,9.973860740661621,0.3018904947074769,0.7987396701950153,0.45037779211997986,1356.1552460170124,Track00789,train
0.2661886513233185,0.061811160296201706,8.079570770263672,0.38400912059216785,0.7439939196052214,0.4072956442832947,1266.8456142016203,Track00552,train
0.18456891179084778,0.04594383016228676,8.69417667388916,0.385427059712774,0.7430486268581507,0.4317391812801361,1592.2862326710551,Track00191,train
0.19315236806869507,0.05115208029747009,10.0280179977417,0.4635025696250186,0.6909982869166542,0.41105252504348755,1554.8733613413879,Track01411,train
0.15267254412174225,0.024014923721551895,11.108720779418945,0.24204825789965112,0.8386344947335659,0.4385913014411926,1626.3975162728796,Track01290,train
0.2604875862598419,0.052107859402894974,11.491150856018066,0.43440163860593173,0.7103989075960455,0.425182044506073,2012.2322037960216,Track00465,train
0.3313350975513458,0.05605871602892876,8.807260513305664,0.28030684614271245,0.8131287692381917,0.4982459545135498,1316.6776953902397,Track00724,train
0.26921406388282776,0.052987802773714066,6.398484706878662,0.2477500400311985,0.8348333066458676,0.44090408086776733,1959.5262124073195,Track00153,train
0.1697266399860382,0.033724866807460785,10.494535446166992,0.423549928465821,0.717633381022786,0.2562735080718994,1044.4846933047263,Track00268,train
0.2111627608537674,0.05539980158209801,13.056596755981445,0.28986773522194265,0.8067548431853716,0.37763655185699463,1456.7389385011038,Track00224,train
0.2629815340042114,0.029431192204356194,9.271332740783691,0.34055933484504913,0.772960443436634,0.4238254129886627,1598.4411114460427,Track00106,train
0.13127191364765167,0.03250528499484062,9.815834999084473,0.5518075429405479,0.6321283047063013,0.2824018597602844,1724.2532937242693,Track00353,train
0.17074377834796906,0.030811766162514687,12.478195190429688,0.3441515766327797,0.7705656155781468,0.2858956754207611,1441.9783155535717,Track01062,train
0.1143176257610321,0.04268812760710716,6.462259292602539,0.20448195265808092,0.8636786982279461,0.371018648147583,1397.3797428452465,Track01215,train
0.27427005767822266,0.04728015884757042,10.853353500366211,0.35401766676819985,0.7639882221545334,0.44762182235717773,1633.756609712122,Track00999,train
0.30999118089675903,0.05585435405373573,11.981305122375488,0.29381332445093544,0.8041244503660431,0.4366152286529541,1909.399383873072,Track01982,test
0.12967078387737274,0.03382664918899536,7.888006687164307,0.34682168625025767,0.7687855424998282,0.25220248103141785,1264.6615731856637,Track01950,test
0.2200358510017395,0.05161307752132416,7.91771936416626,0.3535119626081725,0.7643253582612183,0.38742566108703613,1446.333092092694,Track01931,test
0.2824111878871918,0.06109951436519623,17.926151275634766,0.25965656602900117,0.8268956226473325,0.4094904959201813,1068.8189845821125,Track02086,test
0.2466227114200592,0.04058975726366043,9.728658676147461,0.3110572177090901,0.7926285215272733,0.4544842541217804,2086.4050998448997,Track01911,test
0.15964417159557343,0.04252775385975838,8.053628921508789,0.3715192743764172,0.7523204837490552,0.3551037013530731,1160.7554885807804,Track02004,test
0.18613465130329132,0.03802833333611488,10.103280067443848,0.39167321388649357,0.738884524075671,0.33612558245658875,1147.9799229291004,Track02040,test
0.20464664697647095,0.04142332449555397,14.690695762634277,0.3705810943906181,0.7529459370729212,0.30357974767684937,1478.1043752214462,Track02098,test
0.19580872356891632,0.038832902908325195,7.081641674041748,0.2103089785532534,0.8597940142978311,0.38471344113349915,1356.679007470827,Track01898,test
0.33345600962638855,0.03988282382488251,7.916794776916504,0.3633833823384426,0.7577444117743716,0.3567125201225281,1579.339790192465,Track02003,test
0.12269596010446548,0.03814159333705902,6.494105815887451,0.5360544217687075,0.6426303854875284,0.33421361446380615,1490.003981841536,Track02094,test
0.2262934297323227,0.041121769696474075,6.590708255767822,0.4505906692358738,0.6996062205094175,0.41115283966064453,1656.018698898532,Track02053,test
0.17143908143043518,0.04245612770318985,14.846980094909668,0.31648733745733876,0.7890084416951075,0.29367685317993164,1459.059182041617,Track02030,test
0.17071840167045593,0.03674842417240143,11.253904342651367,0.48603135841231077,0.6759790943917928,0.3246723413467407,1426.4799294385198,Track02056,test
0.14722208678722382,0.03924483433365822,8.629861831665039,0.5468144520030234,0.6354570319979844,0.3408321142196655,1758.362455664518,Track01956,test
0.08782029896974564,0.023332694545388222,6.390207767486572,0.5583652252323931,0.627756516511738,0.21903079748153687,1350.6966266222803,Track01897,test
0.18920324742794037,0.007861122488975525,8.126473426818848,0.41840179277967304,0.721065471480218,0.37966448068618774,1414.670600336525,Track02048,test
0.43286848068237305,0.055630363523960114,14.710941314697266,0.28806670380570526,0.8079555307961965,0.521603524684906,1234.5567694111278,Track01962,test
0.22739748656749725,0.040316615253686905,11.992753982543945,0.30551595005175,0.7963226999655,0.4291014075279236,1374.2999957834786,Track02001,test
0.19196093082427979,0.05017447844147682,7.706386089324951,0.639265418101397,0.5738230545990686,0.29628947377204895,1409.989952087026,Track01902,test
0.19381104409694672,0.044780466705560684,13.620941162109375,0.2723039449775495,0.8184640366816337,0.354850709438324,1430.34942792973,Track01887,test
0.11276687681674957,0.030563542619347572,8.013556480407715,0.42796102224673654,0.714692651835509,0.26472243666648865,1667.3503692483425,Track01985,test
0.12706449627876282,0.03269223868846893,9.267500877380371,0.408710226947922,0.727526515368052,0.319755494594574,1868.4111645448068,Track01975,test
0.2758924663066864,0.052302516996860504,9.927016258239746,0.5050998298034256,0.6632667801310497,0.44612035155296326,1646.7271410174533,Track02052,test
0.29506832361221313,0.05150056257843971,10.797691345214844,0.402045380360212,0.7319697464265253,0.4006441831588745,1364.5067792948446,Track02037,test
0.18463677167892456,0.04659067839384079,16.01445770263672,0.2835081559505523,0.8109945626996318,0.37103837728500366,1597.2319534864407,Track02017,test
0.234941303730011,0.043431252241134644,8.156028747558594,0.3633427841563035,0.757771477229131,0.36271944642066956,1205.7324465380034,Track01943,test
0.0038771929685026407,0.025180118158459663,15.910260200500488,0.33640394473095697,0.7757307035126954,0.33306148648262024,501.15197401004934,Track01913,test
0.3064937889575958,0.053339406847953796,15.476288795471191,0.2587897400155367,0.8274735066563089,0.4284842908382416,1150.0032427704186,Track02051,test
0.23019808530807495,0.04157710820436478,9.2205228805542,0.4677392250950062,0.6881738499366625,0.37330374121665955,1385.8298287485009,Track01882,test
0.001780973980203271,0.019862549379467964,11.731973648071289,0.21038171169657252,0.8597455255356183,0.4783959984779358,583.2612572301855,Track02093,test
0.29967138171195984,0.041773535311222076,16.5629940032959,0.33377649434724344,0.7774823371018377,0.4031364619731903,1839.4861257867285,Track02019,test
0.11939391493797302,0.02934870310127735,10.512066841125488,0.3251243649914746,0.783250423339017,0.31930071115493774,1287.4794948035835,Track02096,test
0.29495927691459656,0.039005737751722336,13.592853546142578,0.283591676198503,0.8109388825343313,0.412321001291275,1837.662660923083,Track01972,test
0.27948421239852905,0.053788602352142334,5.213149547576904,0.41305545168887225,0.7246296988740852,0.49224430322647095,1844.0266363622588,Track02013,test
0.2512599229812622,0.055034201592206955,7.791813850402832,0.32935799026304796,0.7804280064913014,0.4418202042579651,1647.625981220221,Track02026,test
0.112263523042202,0.021083980798721313,8.75866413116455,0.38625561907216655,0.7424962539518889,0.2770475149154663,1492.4891879419126,Track01996,test
0.12964467704296112,0.0376182496547699,9.753617286682129,0.2683766596599526,0.821082226893365,0.3080008327960968,1382.6064585505897,Track01940,test
0.19298142194747925,0.022939223796129227,8.073442459106445,0.48287393125871225,0.6780840458275252,0.3272783160209656,1934.429272502485,Track02031,test
0.2171807736158371,0.05938519909977913,11.480436325073242,0.2867058773194812,0.8088627484536792,0.4204423725605011,1219.5744466844505,Track01959,test
0.2464938908815384,0.04258005693554878,12.77690315246582,0.29177371896971777,0.8054841873535215,0.39844563603401184,1355.8585074207836,Track01955,test
0.08388147503137589,0.0301049891859293,6.814761638641357,0.2000751844493943,0.8666165437004039,0.27974316477775574,1774.5023789676673,Track01986,test
0.14230862259864807,0.03597022220492363,7.1660356521606445,0.7520343589974621,0.4986437606683586,0.3166414201259613,1803.263671297198,Track02024,test
0.1834566742181778,0.03639991208910942,8.387188911437988,0.38162840767807865,0.7455810615479476,0.35857081413269043,1410.317458000847,Track01936,test
0.2529032826423645,0.03918937221169472,15.213223457336426,0.3203351441295943,0.7864432372469371,0.41308650374412537,1555.949660138195,Track02081,test
0.10939671844244003,0.03095693327486515,12.826231956481934,0.5394958243459986,0.6403361171026676,0.24885696172714233,1194.1356650581297,Track01998,test
0.14330893754959106,0.047741033136844635,6.639344692230225,0.3414211926211927,0.7723858715858716,0.4791339635848999,1301.8485303216437,Track02054,test
0.20646421611309052,0.03969869762659073,11.600470542907715,0.446575324965667,0.7022831166895553,0.44799870252609253,1561.6817101910992,Track01937,test
0.12714244425296783,0.046748075634241104,10.555936813354492,0.3248188326288907,0.7834541115807395,0.3210991322994232,1265.4560802276571,Track02050,test
0.23998071253299713,0.04084036126732826,10.617841720581055,0.3669697084009204,0.7553535277327197,0.329787939786911,2041.415362066127,Track01928,test
0.34897860884666443,0.05791045352816582,14.922287940979004,0.3388052306223087,0.7741298462517942,0.4765177369117737,1479.0778834926805,Track02047,test
0.15895816683769226,0.026993950828909874,12.131247520446777,0.3661525997753306,0.7558982668164462,0.3032088875770569,1275.1399670157878,Track01980,test
0.3933926224708557,0.07399506121873856,9.093815803527832,0.27227963938785216,0.8184802404080985,0.46052679419517517,1322.1685764198394,Track02049,test
0.11042213439941406,0.03747089207172394,9.610393524169922,0.41299855699855703,0.7246676286676286,0.30272629857063293,1143.0813509146394,Track02002,test
0.2146284282207489,0.041945528239011765,10.221808433532715,0.26816057367329166,0.8212262842178055,0.36079835891723633,1808.3363656894394,Track01967,test
0.2111913412809372,0.03869558125734329,8.207371711730957,0.28392529911693676,0.8107164672553755,0.4187172055244446,1710.355141305651,Track02090,test
0.16414567828178406,0.04097319766879082,8.756417274475098,0.38909801747240175,0.7406013216850655,0.30252906680107117,1494.243266220919,Track01916,test
0.10550782829523087,0.030310722067952156,10.221673965454102,0.32958994450493373,0.7802733703300442,0.2467334270477295,1577.6407458907386,Track01932,test
0.22431780397891998,0.040456373244524,16.224946975708008,0.22913955246181159,0.8472402983587923,0.40234994888305664,1715.956033224316,Track01895,test
0.07704461365938187,0.025423172861337662,8.052276611328125,0.36929903966898847,0.7538006402206744,0.214578315615654,1838.31365367818,Track01987,test
0.1463281214237213,0.047467753291130066,12.397043228149414,0.2897753083781506,0.806816461081233,0.44698193669319153,1454.2639122867142,Track02018,test
0.158391535282135,0.04276749864220619,9.331189155578613,0.3087846600628555,0.7941435599580964,0.37477728724479675,1493.0726003173263,Track01889,test
0.18929463624954224,0.03702717274427414,12.008889198303223,0.31906705539358604,0.7872886297376093,0.3209114372730255,1021.7764070554905,Track02038,test
0.17350749671459198,0.040480080991983414,8.98300838470459,0.30587625526401035,0.7960824964906598,0.2730797231197357,1266.7924931600105,Track02084,test
0.12817269563674927,0.036861687898635864,8.385971069335938,0.7686681213365849,0.48755458577561006,0.2804630696773529,1033.6242104637429,Track01891,test
0.1770961731672287,0.03533665090799332,11.555367469787598,0.48901134664052603,0.6739924355729827,0.315514475107193,1520.9071216647117,Track01973,test
0.13280625641345978,0.028023922815918922,12.087291717529297,0.3893248734026735,0.7404500843982176,0.2567859888076782,1297.935194824684,Track01948,test
0.13893437385559082,0.03487048298120499,6.777204513549805,0.2169118744806411,0.8553920836795726,0.42538100481033325,1421.8780488970563,Track02069,test
0.14784039556980133,0.03771195560693741,8.464447021484375,0.5083250307997215,0.661116646133519,0.3389230966567993,1660.8780937046536,Track02032,test
0.32124027609825134,0.050532903522253036,13.31296157836914,0.3144645286686103,0.7903569808875931,0.39758774638175964,1854.9061324668808,Track02008,test
0.15226559340953827,0.03722475841641426,6.850159168243408,0.6196061582527748,0.5869292278314835,0.3577713072299957,1615.4284603628944,Track01976,test
0.1373850256204605,0.03420483320951462,6.614140510559082,0.6485917393542284,0.567605507097181,0.29166823625564575,1390.1470494219798,Track01961,test
0.4116251766681671,0.0686231255531311,7.825893878936768,0.3112366998081284,0.7925088667945811,0.4904049336910248,2005.932872499619,Track02016,test
0.15987254679203033,0.04011934995651245,10.614301681518555,0.3267993617199967,0.7821337588533356,0.3153228163719177,1517.6687388012278,Track02083,test
0.22392567992210388,0.055479925125837326,11.277793884277344,0.3181563786008231,0.7878957475994512,0.3928915858268738,1396.463279698048,Track02082,test
0.11392917484045029,0.03641697019338608,9.486272811889648,0.24845582059371252,0.8343627862708584,0.34259340167045593,1303.9977937239685,Track01900,test
0.08159748464822769,0.021020187065005302,13.981470108032227,0.4127705725713423,0.7248196182857718,0.24938911199569702,1350.7033304646168,Track02029,test
0.14574144780635834,0.041992463171482086,6.181203842163086,0.5791010094115684,0.6139326603922877,0.29559317231178284,1215.1144974834485,Track02063,test
0.11510184407234192,0.03164692223072052,6.800495147705078,0.3145652274515248,0.7902898483656501,0.3459201455116272,1315.0149474987854,Track01920,test
0.4799242317676544,0.05928532034158707,11.927811622619629,0.18493246323126364,0.8767116911791576,0.487747460603714,1849.981962004945,Track01965,test
0.22687627375125885,0.0585748553276062,15.540029525756836,0.2360927125341154,0.8426048583105897,0.3680551052093506,1416.7709946288348,Track01925,test
0.32072609663009644,0.05137202516198158,13.325690269470215,0.2472326717628632,0.8351782188247578,0.5665754675865173,1518.1409432484438,Track01880,test
0.17897149920463562,0.027412978932261467,11.971090316772461,0.7388946799232513,0.5074035467178324,0.3040550649166107,1718.232082526211,Track02046,test
0.4506579637527466,0.06330682337284088,13.61186408996582,0.2184650076913082,0.8543566615391278,0.4838440418243408,1874.6884951618322,Track02036,test
0.2590007483959198,0.042308468371629715,14.110461235046387,0.2893837769025739,0.8070774820649508,0.36013200879096985,1446.795030285925,Track02095,test
0.1848481446504593,0.029606029391288757,9.308284759521484,0.7277035904135267,0.5148642730576489,0.25940853357315063,1530.6401448991749,Track01930,test
0.2315274178981781,0.041605979204177856,8.25029182434082,0.283461807672334,0.8110254615517773,0.4233801066875458,1881.872487796412,Track01935,test
0.35862788558006287,0.06271595507860184,14.180747032165527,0.16056450890246698,0.892956994065022,0.5377734899520874,1206.0083768266043,Track01949,test
0.12555599212646484,0.03937852755188942,12.773401260375977,0.4001455501240138,0.7332362999173241,0.3154951333999634,1083.3077751531832,Track01907,test
0.08541974425315857,0.03043973445892334,6.366086483001709,0.8591383219954649,0.42724111866969006,0.2280607670545578,1199.1680819229348,Track01878,test
0.21728035807609558,0.04062866047024727,13.316849708557129,0.4199340767234728,0.7200439488510182,0.41410011053085327,1731.7173492447578,Track01993,test
0.23034405708312988,0.05091449245810509,9.8141450881958,0.28171880460666937,0.8121874635955537,0.3647465705871582,1267.931541222521,Track01899,test
0.13879533112049103,0.037965670228004456,5.587704181671143,0.5271337072840832,0.6485775284772779,0.2846968472003937,1185.9830362923562,Track01947,test
0.11433956027030945,0.031021248549222946,9.463019371032715,0.21215419501133784,0.8585638699924414,0.3526274859905243,1718.2670137844143,Track01884,test
0.10584592819213867,0.026827316731214523,13.585677146911621,0.4056981795833598,0.7295345469444268,0.2575285732746124,1386.4759859372066,Track01981,test
0.21950873732566833,0.03810179978609085,11.399497032165527,0.3602467963929758,0.7598354690713495,0.42973726987838745,1372.313123675796,Track01876,test
0.24915435910224915,0.04968533664941788,9.674792289733887,0.3128336829448398,0.7914442113701068,0.4407922327518463,1514.994446567578,Track01883,test
0.22824595868587494,0.046643033623695374,11.688352584838867,0.21816470047934786,0.8545568663471015,0.464475154876709,968.0499302212703,Track01951,test
0.14822238683700562,0.04601580649614334,10.002507209777832,0.3467592206950808,0.7688271862032795,0.39311346411705017,1212.093068139336,Track02092,test
0.29876846075057983,0.05513623729348183,6.058341979980469,0.41103558664845247,0.7259762755676984,0.4639672636985779,1735.5242842593273,Track01997,test
0.17702707648277283,0.04421466588973999,8.924182891845703,0.32187896077297,0.7854140261513534,0.3397042453289032,1713.573320303896,Track01957,test
0.16722054779529572,0.04090884327888489,9.585739135742188,0.2918808116533108,0.8054127922311262,0.3441241383552551,1445.2550612822565,Track01906,test
0.002224328927695751,0.016850514337420464,10.739896774291992,0.24617580047513643,0.8358827996832424,0.35920250415802,592.1953985318573,Track01918,test
0.14268822968006134,0.03733883053064346,13.260103225708008,0.33851715224476575,0.7743218985034895,0.29490774869918823,927.6759257192608,Track01929,test
0.19053463637828827,0.04092148318886757,7.347114086151123,0.4138375397024657,0.7241083068650229,0.3841139078140259,1464.3110743735376,Track01877,test
0.16971422731876373,0.04669804498553276,8.687326431274414,0.2610593588274113,0.8259604274483925,0.34708651900291443,972.6173085361883,Track01901,test
0.1329345703125,0.03092341497540474,6.965418815612793,0.34271959928249907,0.7715202671450007,0.2815021574497223,2081.6325571144685,Track01903,test
0.21410931646823883,0.04644827917218208,10.068583488464355,0.46362051460952564,0.6909196569269829,0.32747411727905273,1478.1696875162331,Track01995,test
0.1134897917509079,0.03643517196178436,9.696083068847656,0.3360131727205546,0.7759912181862969,0.2412337064743042,1172.307239615167,Track02007,test
0.08702162653207779,0.026009462773799896,5.677462577819824,0.8574434347948425,0.428371043470105,0.2755822241306305,1272.5035870528623,Track01934,test
0.23325300216674805,0.047873012721538544,12.397538185119629,0.3334854962021238,0.7776763358652508,0.38572847843170166,1750.1472070079847,Track01905,test
0.2679068446159363,0.054655689746141434,13.622337341308594,0.2568515688213611,0.8287656207857592,0.4644027352333069,1230.253733268399,Track02042,test
0.19023482501506805,0.039525799453258514,11.07752513885498,0.380271411128554,0.7464857259142974,0.33732274174690247,1418.8651436590562,Track01952,test
0.27075886726379395,0.05477054417133331,17.365034103393555,0.22961587107501108,0.8469227526166593,0.3486902117729187,1858.8062171187662,Track01908,test
0.12334994971752167,0.037063274532556534,16.678544998168945,0.3425880762242785,0.7716079491838144,0.23410488665103912,1899.2556184045186,Track01968,test
0.18366087973117828,0.03340299800038338,5.791228294372559,0.5675082429368143,0.6216611713754572,0.3005479872226715,2305.2107299086433,Track02088,test
0.17816300690174103,0.044199127703905106,10.548151969909668,0.33136207101294385,0.7790919526580374,0.32465654611587524,1414.9085129095222,Track01917,test
0.06528511643409729,0.020170848816633224,9.732161521911621,0.2747550767518903,0.8168299488320732,0.2807060480117798,1289.6435460557268,Track01978,test
0.18590840697288513,0.03435615077614784,8.195635795593262,0.421989817310572,0.7186734551262853,0.3831932246685028,1515.1173017366837,Track01977,test
0.22421130537986755,0.050619930028915405,13.347054481506348,0.331984246330111,0.7786771691132593,0.356917142868042,1427.0098433900037,Track01881,test
0.2161269336938858,0.04762773960828781,8.481988906860352,0.6063360989868009,0.5957759340087994,0.3901635706424713,1303.6864019795657,Track01990,test
0.22071589529514313,0.028801530599594116,9.53437328338623,0.2679924343237556,0.8213383771174962,0.463708758354187,1255.6460570091156,Track01892,test
0.1871722936630249,0.03906671330332756,11.561043739318848,0.4097450099934572,0.7268366600043619,0.45645275712013245,1511.8789149200038,Track02062,test
0.2602585256099701,0.03243985399603844,13.107439994812012,0.40111966873706006,0.7325868875086265,0.4388766884803772,1465.0359581044506,Track02087,test
0.20628775656223297,0.021678585559129715,10.204550743103027,0.4707968114312175,0.686135459045855,0.3581952750682831,1319.1661010959351,Track01989,test
0.21306060254573822,0.035178326070308685,10.409504890441895,0.2927057296789847,0.8048628468806769,0.396139919757843,1449.1982105674638,Track01927,test
0.2237955927848816,0.042304255068302155,15.45120620727539,0.2531384476544606,0.8312410348970263,0.3565821945667267,1097.430779902491,Track02005,test
0.22612731158733368,0.04568183049559593,11.7887601852417,0.27182600923581113,0.8187826605094592,0.41465121507644653,1521.1165970964926,Track02000,test
0.1526293158531189,0.041325975209474564,9.387592315673828,0.36181169762443005,0.7587922015837133,0.33005616068840027,1350.4658702155918,Track02064,test
0.18454156816005707,0.038489751517772675,10.936511039733887,0.6321291183139923,0.5785805877906718,0.313805490732193,1266.4698153427157,Track01974,test
0.12508700788021088,0.03334089368581772,13.931504249572754,0.3744900626917434,0.7503399582055044,0.3115755617618561,1296.2401768671757,Track02014,test
0.17117992043495178,0.04014705866575241,11.576437950134277,0.39703998672639784,0.7353066755157347,0.3708963394165039,1663.727942079965,Track01954,test
0.16713139414787292,0.04446440562605858,10.254250526428223,0.34378965911433446,0.770806893923777,0.3879440724849701,1245.2637491018875,Track02023,test
0.19979126751422882,0.03998475521802902,9.558696746826172,0.2686186768750593,0.8209208820832938,0.34281423687934875,1155.3360342704882,Track01904,test
0.3138233721256256,0.0554620660841465,10.497406959533691,0.39939054486147774,0.7337396367590148,0.46602657437324524,1478.8696961911066,Track02045,test
0.07547274976968765,0.026441888883709908,12.777090072631836,0.38444973656621684,0.7437001756225221,0.23695380985736847,1009.0591168555286,Track01886,test
0.11073415726423264,0.03750810772180557,7.148132801055908,0.4199942659055959,0.7200038227296027,0.40384265780448914,1143.0954297022765,Track02074,test
0.23759709298610687,0.04284445941448212,9.819071769714355,0.3156795439888494,0.7895469706741004,0.37717902660369873,1392.7008025165328,Track02020,test
0.12005836516618729,0.03691769763827324,9.479589462280273,0.28234062305011487,0.8117729179665901,0.4410846531391144,1243.1669566440355,Track02079,test
0.22553472220897675,0.042029112577438354,9.317368507385254,0.31587272701012464,0.7894181819932502,0.38395261764526367,1784.4520514414228,Track01945,test
0.14485159516334534,0.04261516407132149,6.216827392578125,0.32218351261175715,0.7852109915921619,0.25082290172576904,827.0320766293188,Track02061,test
0.24921754002571106,0.046888310462236404,6.9718828201293945,0.4361343267465717,0.7092437821689521,0.37848031520843506,1683.2277160229262,Track01888,test
0.2964320778846741,0.05420677736401558,11.836954116821289,0.36124569731969525,0.7591695351202031,0.4943159222602844,1369.7266130059502,Track01994,test
0.10105496644973755,0.028589805588126183,8.371602058410645,0.5838522951120638,0.6107651365919575,0.2230512648820877,1219.3043847590325,Track01896,test
0.15353520214557648,0.028322909027338028,5.673205375671387,0.7793524627896272,0.4804316914735819,0.2638578414916992,1261.21427465235,Track02067,test
0.24077284336090088,0.053324997425079346,16.7879638671875,0.22135161400467523,0.8524322573302165,0.391664981842041,1670.3046119944418,Track01963,test
0.19093941152095795,0.04645272716879845,8.513689041137695,0.39824125497193413,0.7345058300187106,0.3192479908466339,1188.982221315973,Track02070,test
0.1306731104850769,0.03495620936155319,7.049005031585693,0.4223920841063698,0.7184052772624201,0.2739086151123047,1484.3408522275097,Track01960,test
0.3125985860824585,0.044943057000637054,11.663860321044922,0.3188263069664687,0.7874491286890208,0.4498210847377777,1684.7272462566932,Track02010,test
0.21403691172599792,0.03648523986339569,10.21426010131836,0.35721292995765164,0.7618580466948989,0.400021493434906,1209.2942607096327,Track02044,test
0.1113075464963913,0.04170117899775505,12.149866104125977,0.48332671747243816,0.6777821883517079,0.3955782353878021,1248.2957171053995,Track01893,test
